PAIS,LIGA,ï»¿Div,Date,Time,HomeTeam,AwayTeam,FTHG,FTAG,FTR,HTHG,HTAG,HTR,Referee,HxG,AxG,HS,AS,HST,AST,HF,AF,HC,AC,HY,AY,HR,AR,B365H,B365D,B365A,BFDH,BFDD,BFDA,BVH,BVD,BVA,BWH,BWD,BWA,PPH,PPD,PPA,SKBH,SKBD,SKBA,MaxH,MaxD,MaxA,AvgH,AvgD,AvgA,BFEH,BFED,BFEA,B365>2.5,B365<2.5,Max>2.5,Max<2.5,Avg>2.5,Avg<2.5,BFE>2.5,BFE<2.5,AHh,B365AHH,B365AHA,MaxAHH,MaxAHA,AvgAHH,AvgAHA,BFEAHH,BFEAHA,B365CH,B365CD,B365CA,BFDCH,BFDCD,BFDCA,BVCH,BVCD,BVCA,BWCH,BWCD,BWCA,PPCH,PPCD,PPCA,SKBCH,SKBCD,SKBCA,MaxCH,MaxCD,MaxCA,AvgCH,AvgCD,AvgCA,BFECH,BFECD,BFECA,B365C>2.5,B365C<2.5,MaxC>2.5,MaxC<2.5,AvgC>2.5,AvgC<2.5,BFEC>2.5,BFEC<2.5,AHCh,B365CAHH,B365CAHA,MaxCAHH,MaxCAHA,AvgCAHH,AvgCAHA,BFECAHH,BFECAHA
ING,Championship,E1,14/08/2026,20:00,Wolves,Blackburn,2,2,D,1,1,D,F Hallam,1.97,0.84,18,10,3,5,10,16,5,5,1,3,0,0,1.49,3.9,6.25,1.53,4.2,6.0,1.53,4.1,6.0,1.55,4.2,5.75,1.5,4.0,6.0,1.5,4.2,6.0,1.57,4.33,6.75,1.53,4.12,6.02,1.57,4.3,7.0,1.91,1.91,1.91,1.95,1.82,1.92,1.93,2.04,-1.0,1.93,1.93,1.93,1.93,1.88,1.87,1.99,1.98,1.42,4.2,7.0,1.5,4.2,6.5,1.45,4.4,7.0,1.51,4.33,6.25,1.44,4.0,6.5,1.44,4.2,6.5,1.52,4.4,7.0,1.48,4.27,6.5,1.54,4.5,7.6,1.8,2.0,1.9,2.0,1.82,1.91,1.92,2.06,-1.0,1.8,2.05,1.83,2.05,1.77,1.98,1.88,2.09
ING,Championship,E1,15/08/2026,12:30,Bolton,Preston,2,1,H,2,0,H,A Herczeg,1.11,1.12,15,10,6,3,12,11,5,2,2,3,0,0,2.15,3.3,3.3,2.2,3.5,3.2,2.2,3.4,3.2,2.25,3.3,3.2,2.15,3.4,3.2,2.15,3.4,3.1,2.25,3.5,3.3,2.19,3.37,3.21,2.3,3.45,3.45,2.0,1.85,2.0,1.85,1.93,1.82,2.04,1.89,-0.25,1.93,1.93,1.93,1.93,1.87,1.87,1.96,1.99,2.3,3.25,3.0,2.38,3.4,3.0,2.38,3.3,3.0,2.4,3.3,2.95,2.3,3.2,3.0,2.3,3.3,3.0,2.4,3.4,3.25,2.34,3.29,3.02,2.5,3.45,3.2,2.0,1.8,2.0,1.8,1.98,1.77,2.12,1.88,-0.25,2.05,1.8,2.05,1.88,1.96,1.78,2.12,1.87
ING,Championship,E1,15/08/2026,15:00,Bristol City,Millwall,0,2,A,0,1,A,L Smith,0.52,3.4,8,24,0,3,8,12,6,6,2,2,1,0,2.5,3.4,2.65,2.63,3.5,2.6,2.6,3.4,2.63,2.6,3.3,2.65,2.6,3.4,2.6,2.6,3.4,2.6,2.68,3.5,2.75,2.59,3.37,2.63,2.7,3.5,2.82,1.98,1.88,1.98,1.88,1.91,1.83,2.02,1.91,0.0,1.88,1.98,1.88,1.98,1.85,1.89,1.93,2.01,2.4,3.4,2.75,2.5,3.4,2.75,2.45,3.4,2.8,2.55,3.4,2.7,2.5,3.25,2.7,2.45,3.4,2.75,2.6,3.5,2.8,2.49,3.38,2.73,2.62,3.55,2.92,1.91,1.91,1.95,1.91,1.89,1.85,2.0,1.96,0.0,1.8,2.05,1.83,2.05,1.78,1.97,1.88,2.11
ING,Championship,E1,15/08/2026,15:00,Charlton,Derby,2,1,H,0,1,A,B Speedie,0.97,1.0,13,15,4,4,7,16,5,4,0,3,0,0,2.65,3.2,2.65,2.75,3.3,2.63,2.7,3.2,2.63,2.65,3.25,2.7,2.63,3.3,2.63,2.63,3.25,2.63,2.75,3.3,2.75,2.66,3.23,2.66,2.9,3.35,2.78,2.2,1.67,2.2,1.73,2.12,1.67,2.26,1.75,0.0,1.93,1.93,1.93,1.93,1.87,1.87,2.03,1.95,2.65,3.1,2.75,2.63,3.25,2.75,2.63,3.13,2.8,2.65,3.1,2.8,2.63,3.0,2.75,2.63,3.2,2.75,2.75,3.25,2.8,2.65,3.13,2.74,2.8,3.25,2.92,2.38,1.57,2.38,1.65,2.23,1.61,2.38,1.7,0.0,1.88,1.98,1.9,1.98,1.85,1.89,1.94,2.03
ING,Championship,E1,15/08/2026,15:00,Middlesbrough,Lincoln,2,1,H,0,1,A,R Madley,2.23,0.57,23,10,7,2,12,12,5,5,0,2,0,0,1.3,5.5,8.0,1.33,5.0,9.5,1.33,5.0,9.5,1.35,5.25,8.25,1.3,5.0,9.5,1.3,5.0,9.0,1.35,5.5,9.6,1.32,5.11,8.91,1.36,5.7,11.0,1.67,2.2,1.67,2.2,1.64,2.18,1.71,2.32,-1.5,1.98,1.88,1.98,1.88,1.92,1.81,2.06,1.89,1.49,4.5,5.75,1.5,4.2,6.5,1.5,4.2,6.5,1.5,4.5,6.0,1.44,4.2,6.5,1.44,4.33,6.5,1.52,4.5,6.66,1.49,4.34,6.28,1.53,4.5,7.6,1.8,2.0,1.8,2.1,1.75,2.02,1.85,2.16,-1.0,1.88,1.98,1.88,1.98,1.8,1.94,1.91,2.08
ING,Championship,E1,15/08/2026,15:00,Norwich,West Brom,1,2,A,0,0,D,T Robinson,2.97,1.85,20,9,7,4,13,13,8,2,0,2,0,0,1.91,3.5,3.8,1.95,3.6,3.75,1.93,3.5,3.9,1.98,3.5,3.8,1.95,3.5,3.75,1.95,3.5,3.6,2.0,3.65,3.9,1.95,3.52,3.77,2.04,3.65,3.95,1.98,1.88,1.98,1.88,1.88,1.84,1.98,1.95,-0.5,1.98,1.88,1.98,1.88,1.9,1.82,2.04,1.92,1.91,3.5,3.8,1.95,3.6,3.75,1.95,3.6,3.75,1.98,3.6,3.6,1.95,3.5,3.75,1.95,3.6,3.75,2.0,3.6,4.1,1.96,3.54,3.72,2.04,3.7,4.0,1.91,1.91,1.93,1.91,1.86,1.88,1.98,1.99,-0.5,2.0,1.85,2.0,1.85,1.91,1.82,2.04,1.94
ING,Championship,E1,15/08/2026,15:00,Portsmouth,QPR,1,3,A,1,3,A,W Finnie,2.18,2.07,17,13,6,6,9,13,6,3,0,1,0,0,2.25,3.4,3.0,2.3,3.4,3.1,,,,2.35,3.3,3.0,2.2,3.4,3.0,2.2,3.4,3.0,2.35,3.45,3.15,2.28,3.38,3.03,,,,2.0,1.85,2.0,1.85,1.93,1.81,,,-0.25,2.03,1.83,2.03,1.83,1.96,1.8,,,2.25,3.2,3.2,2.3,3.3,3.1,2.38,3.2,3.13,2.37,3.2,3.0,2.3,3.1,3.0,2.3,3.3,3.0,2.38,3.3,3.25,2.34,3.2,3.1,2.46,3.35,3.3,2.2,1.67,2.25,1.67,2.18,1.64,2.36,1.71,-0.25,2.0,1.85,2.0,1.85,1.95,1.79,2.09,1.9
ING,Championship,E1,15/08/2026,15:00,Stoke,Swansea,1,2,A,1,1,D,O Langford,0.65,0.62,6,7,2,3,14,9,4,5,1,3,0,0,2.32,3.2,3.1,2.4,3.4,2.88,,,,2.4,3.3,2.9,2.45,3.3,2.88,2.45,3.25,2.8,2.46,3.4,3.1,2.41,3.3,2.92,,,,2.1,1.73,2.1,1.73,2.07,1.7,,,-0.25,2.05,1.8,2.05,1.8,2.04,1.75,,,2.25,3.4,3.1,2.25,3.5,3.1,2.3,3.4,3.0,2.25,3.4,3.1,2.25,3.25,3.0,2.25,3.4,3.0,2.33,3.5,3.1,2.28,3.37,3.05,2.4,3.5,3.25,1.91,1.91,1.95,1.91,1.92,1.82,2.04,1.92,-0.25,2.03,1.83,2.03,1.83,1.94,1.8,2.06,1.93
ING,Championship,E1,15/08/2026,17:30,Sheffield United,Birmingham,0,0,D,0,0,D,G Ward,0.29,0.76,3,10,1,2,12,12,2,8,0,0,0,0,2.45,3.3,2.75,2.5,3.4,2.8,2.45,3.3,2.88,2.5,3.3,2.8,2.4,3.3,2.8,2.4,3.3,2.8,2.54,3.4,2.88,2.46,3.3,2.83,2.58,3.4,3.0,2.03,1.83,2.03,1.83,1.96,1.78,2.08,1.86,0.0,1.8,2.05,1.8,2.05,1.75,2.0,1.83,2.15,2.15,3.3,3.3,2.2,3.4,3.25,2.2,3.3,3.3,2.15,3.3,3.3,2.15,3.25,3.3,2.1,3.4,3.3,2.25,3.5,3.33,2.18,3.32,3.25,2.28,3.5,3.55,2.1,1.73,2.1,1.8,2.02,1.75,2.14,1.85,-0.25,1.9,1.95,1.93,1.95,1.87,1.87,1.95,2.02
ING,Championship,E1,16/08/2026,13:30,Watford,Southampton,2,1,H,2,0,H,M Donohue,0.81,1.71,16,17,3,3,12,9,4,8,6,3,0,0,3.4,3.5,2.05,3.3,3.6,2.1,,,,3.3,3.6,2.1,3.4,3.5,2.0,3.4,3.5,2.05,3.4,3.65,2.16,3.31,3.53,2.09,,,,1.73,2.1,1.75,2.1,1.71,2.07,,,0.25,2.0,1.85,2.0,1.85,1.95,1.81,,,3.7,3.5,1.91,3.5,3.75,2.0,3.6,3.7,1.95,3.4,3.6,2.05,3.6,3.5,1.95,3.6,3.7,1.95,3.8,3.75,2.05,3.6,3.66,1.96,3.9,3.8,2.06,1.73,2.1,1.73,2.2,1.69,2.1,1.78,2.26,0.5,1.88,1.98,1.91,1.98,1.82,1.91,,
ING,Championship,E1,16/08/2026,16:00,Burnley,West Ham,2,2,D,0,1,A,J Smith,2.33,1.33,18,11,6,2,12,9,5,6,1,4,0,0,2.85,3.5,2.25,2.88,3.6,2.3,,,,2.95,3.6,2.25,2.8,3.6,2.3,2.8,3.6,2.3,2.96,3.6,2.36,2.88,3.55,2.27,,,,1.73,2.1,1.73,2.1,1.69,2.08,,,0.25,1.85,2.0,1.85,2.0,1.81,1.95,,,3.0,3.5,2.2,3.0,3.6,2.25,3.2,3.4,2.2,2.95,3.5,2.3,3.0,3.4,2.25,3.0,3.5,2.25,3.2,3.6,2.3,3.03,3.49,2.24,3.2,3.65,2.4,1.73,2.1,1.8,2.1,1.74,2.03,1.86,2.14,0.25,1.88,1.98,1.88,1.98,1.83,1.91,1.93,2.07
ING,Championship,E1,17/08/2026,20:00,Cardiff,Wrexham,1,1,D,0,1,A,A Kitchen,0.9,1.55,11,18,3,8,9,13,9,9,0,2,0,0,2.3,3.5,2.82,2.3,3.6,2.88,,,,2.35,3.5,2.85,2.3,3.6,2.8,2.3,3.6,2.8,2.38,3.6,2.98,2.32,3.52,2.84,,,,1.73,2.1,1.73,2.1,1.71,2.05,,,-0.25,2.05,1.8,2.05,1.8,2.0,1.77,,,2.45,3.5,2.65,2.5,3.6,2.63,2.45,3.6,2.7,2.45,3.5,2.7,2.45,3.4,2.7,2.45,3.6,2.7,2.57,3.7,2.75,2.46,3.52,2.68,2.62,3.7,2.84,1.67,2.2,1.7,2.25,1.65,2.16,1.74,2.32,0.0,1.85,2.0,1.85,2.0,1.81,1.94,1.9,2.09
ING,League 1,E2,15/08/2026,12:30,Notts County,Leicester,1,1,D,0,0,D,E Duckworth,2.28,0.77,16,11,2,2,15,11,3,5,2,1,0,0,3.6,3.4,1.96,3.6,3.4,2.05,3.6,3.4,2.05,3.5,3.4,2.05,3.5,3.5,2.0,3.4,3.4,2.0,3.8,3.5,2.05,3.56,3.38,2.02,3.7,3.65,2.12,2.03,1.83,2.03,1.83,1.96,1.76,2.0,1.92,0.5,1.8,2.05,1.8,2.05,1.75,1.98,1.82,2.12,3.5,3.4,1.96,3.75,3.5,2.0,3.6,3.5,2.0,3.5,3.4,2.0,3.7,3.4,1.95,3.6,3.6,1.95,3.9,3.6,2.05,3.6,3.46,1.99,4.0,3.65,2.06,1.93,1.93,1.98,1.93,1.91,1.82,2.02,1.94,0.5,1.83,2.03,1.83,2.03,1.76,1.95,1.92,2.06
ING,League 1,E2,15/08/2026,12:30,Oxford,Milton Keynes Dons,2,2,D,1,2,A,O Yates,1.14,1.76,17,24,4,6,14,14,8,9,2,3,0,0,2.1,3.3,3.3,2.25,3.4,3.2,2.2,3.3,3.3,2.15,3.4,3.2,2.15,3.3,3.3,2.15,3.25,3.2,2.25,3.4,3.4,2.18,3.32,3.23,2.34,3.25,3.25,2.1,1.7,2.1,1.73,2.07,1.68,2.08,1.75,-0.25,1.88,1.98,1.88,1.98,1.84,1.9,1.99,1.89,2.2,3.3,3.1,2.25,3.4,3.2,2.25,3.25,3.2,2.2,3.3,3.2,2.2,3.2,3.2,2.2,3.4,3.1,2.25,3.4,3.35,2.2,3.32,3.18,2.38,3.4,3.4,2.08,1.73,2.1,1.73,2.05,1.7,2.22,1.8,-0.25,1.98,1.88,1.98,1.9,1.89,1.86,2.04,1.94
ING,League 1,E2,15/08/2026,12:30,Reading,Luton,3,4,A,3,1,H,L Doughty,1.77,1.6,17,12,5,5,12,11,5,2,1,2,0,0,3.3,3.4,2.05,3.2,3.5,2.2,3.13,3.4,2.2,3.1,3.4,2.15,3.2,3.5,2.15,3.1,3.4,2.15,3.3,3.55,2.25,3.15,3.41,2.16,3.5,3.45,2.24,1.93,1.93,1.93,1.93,1.83,1.89,1.88,1.95,0.25,1.95,1.9,1.95,1.9,1.89,1.85,2.02,1.93,2.85,3.4,2.25,2.88,3.5,2.38,2.88,3.4,2.38,2.95,3.4,2.25,3.0,3.4,2.2,2.88,3.6,2.25,3.25,3.6,2.38,2.93,3.44,2.28,3.15,3.65,2.44,1.85,2.0,1.85,2.0,1.81,1.92,1.93,2.02,0.25,1.83,2.03,1.9,2.03,1.79,1.95,1.89,2.1
ING,League 1,E2,15/08/2026,15:00,Barnsley,Bromley,0,1,A,0,0,D,R Martin,1.18,1.04,22,12,8,3,12,11,12,2,3,2,0,0,2.05,3.5,3.3,2.1,3.6,3.3,2.1,3.5,3.3,2.1,3.4,3.25,2.05,3.4,3.4,2.05,3.3,3.3,2.15,3.65,3.4,2.1,3.43,3.28,2.26,3.55,3.55,1.9,1.95,1.91,2.0,1.83,1.89,1.96,1.93,-0.25,1.85,2.0,1.85,2.0,1.81,1.93,1.94,2.03,2.15,3.4,3.0,2.25,3.6,3.0,2.25,3.4,3.1,2.25,3.5,2.95,2.2,3.4,3.0,2.2,3.6,2.9,2.25,3.65,3.2,2.22,3.45,3.02,2.34,3.7,3.15,1.85,1.95,1.85,2.0,1.78,1.93,1.87,2.08,-0.25,1.98,1.88,1.98,1.88,1.91,1.83,2.04,1.93
ING,League 1,E2,15/08/2026,15:00,Blackpool,Wycombe,1,1,D,0,1,A,S Stockbridge,1.97,1.56,20,11,7,4,11,15,5,4,2,3,0,0,2.45,3.3,2.65,2.63,3.5,2.6,2.55,3.4,2.63,2.5,3.4,2.65,2.6,3.4,2.6,2.5,3.3,2.5,2.65,3.5,2.7,2.54,3.35,2.62,2.66,3.35,2.78,1.93,1.93,1.93,1.93,1.88,1.83,1.96,1.89,0.0,1.88,1.98,1.88,1.98,1.83,1.9,1.88,2.01,2.57,3.3,2.5,2.75,3.4,2.5,2.7,3.4,2.55,2.65,3.4,2.5,2.75,3.3,2.45,2.7,3.4,2.45,2.75,3.4,2.65,2.67,3.35,2.51,2.94,3.55,2.62,1.9,1.9,1.93,1.91,1.87,1.85,1.99,2.0,0.0,1.98,1.88,1.98,1.88,1.9,1.84,2.11,1.88
ING,League 1,E2,15/08/2026,15:00,Bradford,Peterboro,2,0,H,0,0,D,T Harrington,1.47,1.1,17,7,5,2,16,13,7,3,2,3,0,1,1.62,3.8,4.75,1.67,4.0,5.0,1.65,3.9,5.0,1.68,3.8,4.75,1.62,3.8,5.0,1.62,3.75,4.75,1.73,4.0,5.0,1.66,3.84,4.75,1.73,3.95,5.4,1.83,2.03,1.83,2.03,1.79,1.94,1.81,2.04,-0.75,1.88,1.98,1.88,1.98,1.83,1.91,1.92,1.98,1.61,4.0,4.5,1.62,4.2,5.0,1.62,4.1,5.0,1.63,4.1,4.6,1.57,4.0,5.0,1.57,4.2,5.0,1.67,4.2,5.1,1.62,4.04,4.78,1.65,4.3,5.6,1.67,2.15,1.7,2.15,1.66,2.11,1.73,2.3,-0.75,1.83,2.03,1.83,2.03,1.78,1.96,1.84,2.17
ING,League 1,E2,15/08/2026,15:00,Burton,Stevenage,1,1,D,0,0,D,M Coy,0.94,0.52,10,5,2,3,14,17,2,0,0,1,0,0,2.25,3.2,3.1,2.38,3.2,3.1,2.38,3.1,3.1,2.35,3.1,3.0,2.3,3.1,3.25,2.25,3.0,3.1,2.4,3.25,3.25,2.33,3.09,3.11,2.56,3.2,3.25,2.4,1.53,2.45,1.62,2.35,1.54,2.5,1.6,-0.25,2.03,1.83,2.03,1.83,1.98,1.77,2.19,1.8,2.7,3.2,2.45,2.75,3.2,2.63,2.88,3.1,2.55,2.75,3.2,2.5,2.8,3.0,2.63,2.88,3.1,2.5,2.9,3.25,2.7,2.81,3.1,2.56,3.1,3.15,2.66,2.35,1.57,2.35,1.62,2.28,1.57,2.44,1.66,0.0,2.05,1.8,2.05,1.8,1.97,1.76,2.13,1.84
ING,League 1,E2,15/08/2026,15:00,Cambridge,Wigan,3,2,H,2,0,H,A Chilowicz,1.92,2.72,17,18,6,4,9,8,8,5,1,0,0,0,2.35,3.2,2.85,2.4,3.25,3.0,2.45,3.2,2.9,2.3,3.25,2.95,2.4,3.2,2.9,2.38,3.1,2.88,2.45,3.3,3.25,2.37,3.17,2.94,2.46,3.25,3.05,2.25,1.62,2.25,1.65,2.18,1.62,2.26,1.65,-0.25,2.1,1.7,2.1,1.8,2.01,1.73,2.09,1.8,2.1,3.3,3.25,2.2,3.4,3.3,2.15,3.25,3.4,2.15,3.3,3.2,2.15,3.1,3.4,2.1,3.3,3.3,2.25,3.4,3.5,2.16,3.26,3.33,2.26,3.3,3.7,2.15,1.67,2.15,1.73,2.1,1.67,2.32,1.72,-0.25,1.88,1.98,1.9,1.98,1.84,1.89,1.92,2.03
ING,League 1,E2,15/08/2026,15:00,Huddersfield,AFC Wimbledon,3,0,H,2,0,H,J Miles,1.04,0.44,10,10,3,1,9,7,4,5,1,2,1,0,1.57,3.75,5.25,1.62,4.2,5.0,1.6,4.0,5.25,1.63,4.0,4.75,1.6,4.2,5.0,1.6,4.0,4.75,1.67,4.2,5.25,1.61,4.05,4.95,1.64,4.1,5.4,1.73,2.08,1.73,2.1,1.69,2.07,1.74,2.14,-1.0,2.05,1.75,2.05,1.75,2.01,1.73,2.07,1.8,1.56,3.8,5.5,1.62,4.2,5.0,1.57,4.1,5.5,1.61,4.0,5.0,1.57,4.0,5.0,1.57,4.2,5.0,1.67,4.2,5.5,1.59,4.03,5.13,1.66,4.2,5.8,1.73,2.08,1.73,2.1,1.7,2.05,1.84,2.12,-1.0,2.05,1.8,2.05,1.8,1.98,1.76,2.15,1.85
ING,League 1,E2,15/08/2026,15:00,Leyton Orient,Sheffield Weds,1,2,A,1,1,D,S Allison,1.42,2.69,10,15,3,5,15,19,5,7,2,2,0,0,2.85,3.4,2.25,3.0,3.5,2.3,3.0,3.4,2.3,2.9,3.4,2.3,2.88,3.5,2.3,2.8,3.4,2.3,3.1,3.5,2.33,2.93,3.38,2.3,3.0,3.5,2.52,1.93,1.93,1.93,1.93,1.85,1.86,1.89,1.94,0.25,1.83,2.03,1.83,2.03,1.78,1.96,1.82,2.17,2.25,3.4,2.82,2.4,3.4,2.88,2.38,3.4,2.9,2.4,3.4,2.7,2.3,3.4,2.8,2.25,3.6,2.88,2.55,3.6,2.9,2.36,3.43,2.8,2.42,3.65,3.05,1.9,1.9,1.91,1.91,1.87,1.85,1.98,1.98,-0.25,2.05,1.8,2.1,1.8,2.02,1.74,2.09,1.87
ING,League 1,E2,15/08/2026,15:00,Mansfield,Doncaster,2,1,H,1,0,H,D Whitestone,1.12,1.11,18,9,4,4,9,10,7,1,2,1,0,0,2.05,3.4,3.3,2.1,3.5,3.4,2.15,3.4,3.25,2.1,3.4,3.3,2.1,3.5,3.3,2.05,3.4,3.25,2.2,3.55,3.4,2.1,3.43,3.28,2.24,3.45,3.4,1.95,1.9,1.95,1.91,1.87,1.85,1.89,1.93,-0.25,1.85,2.0,1.85,2.0,1.81,1.92,1.94,1.97,2.1,3.4,3.1,2.2,3.5,3.2,2.25,3.4,3.1,2.25,3.4,2.95,2.15,3.5,3.0,2.1,3.7,3.0,2.25,3.7,3.2,2.19,3.48,3.07,2.28,3.7,3.4,1.85,1.95,1.85,1.95,1.82,1.91,1.9,2.08,-0.25,1.95,1.9,1.95,1.9,1.87,1.86,1.97,2.02
ING,League 1,E2,15/08/2026,15:00,Plymouth,Stockport,1,3,A,0,2,A,D Rock,1.49,1.92,15,9,4,4,13,10,5,3,2,0,0,0,2.05,3.5,3.2,2.2,3.6,3.1,2.1,3.6,3.2,2.1,3.6,3.1,2.2,3.6,2.9,2.2,3.5,2.88,2.2,3.7,3.2,2.13,3.56,3.1,2.16,3.7,3.45,1.7,2.1,1.7,2.15,1.67,2.1,1.73,2.18,-0.25,1.85,2.0,1.85,2.0,1.82,1.92,1.88,2.1,2.25,3.4,2.85,2.25,3.6,3.0,2.3,3.5,2.9,2.2,3.5,2.95,2.3,3.5,2.88,2.25,3.6,2.8,2.3,3.7,3.0,2.26,3.51,2.91,2.42,3.7,3.05,1.8,2.0,1.8,2.1,1.71,2.04,1.84,2.12,-0.25,2.0,1.85,2.0,1.85,1.94,1.8,2.09,1.89
ING,League 2,E3,15/08/2026,12:30,Newport County,Rochdale,3,0,H,2,0,H,H Blair,1.47,0.13,12,5,6,0,11,14,9,6,2,4,0,1,2.85,3.4,2.25,3.1,3.4,2.3,3.1,3.3,2.3,2.95,3.3,2.25,3.1,3.4,2.2,3.0,3.3,2.2,3.1,3.4,2.35,3.01,3.32,2.27,3.25,3.3,2.32,2.05,1.8,2.05,1.8,1.97,1.75,2.04,1.83,0.25,1.85,2.0,1.85,2.0,1.8,1.94,1.89,2.0,2.7,3.4,2.35,3.0,3.4,2.38,2.8,3.3,2.45,2.9,3.25,2.35,2.88,3.3,2.38,2.8,3.5,2.3,3.1,3.5,2.45,2.88,3.31,2.35,3.0,3.5,2.54,2.05,1.8,2.05,1.91,1.95,1.77,2.04,1.9,0.25,1.7,2.1,1.8,2.1,1.72,2.03,1.83,2.18
ING,League 2,E3,15/08/2026,12:30,Oldham,Port Vale,2,0,H,0,0,D,P Howard,1.68,0.62,11,13,3,2,12,16,1,6,2,4,0,0,2.5,3.2,2.65,2.63,3.4,2.63,2.6,3.25,2.7,2.55,3.25,2.65,2.63,3.3,2.6,2.6,3.25,2.5,2.64,3.4,2.7,2.58,3.25,2.63,2.64,3.25,2.86,2.1,1.7,2.1,1.73,2.04,1.71,2.12,1.75,0.0,1.88,1.98,1.88,1.98,1.84,1.89,1.87,2.04,2.25,3.2,3.0,2.38,3.4,3.0,2.3,3.25,3.1,2.35,3.3,2.87,2.3,3.1,3.1,2.3,3.3,3.0,2.6,3.4,3.1,2.33,3.25,2.96,2.42,3.35,3.3,2.1,1.7,2.1,1.73,2.05,1.7,2.22,1.79,-0.25,2.03,1.83,2.15,1.83,2.01,1.75,2.07,1.89
ING,League 2,E3,15/08/2026,15:00,Accrington,Colchester,2,2,D,2,1,H,E Swallow,2.13,0.72,20,7,11,5,20,10,9,4,1,0,0,0,2.35,3.2,2.85,,,,,,,2.45,3.25,2.75,2.4,3.3,2.9,2.38,3.2,2.8,2.7,3.3,2.9,2.48,3.22,2.76,,,,2.1,1.7,2.1,1.75,2.03,1.71,,,0.0,1.83,2.03,1.83,2.03,1.79,1.96,,,2.82,3.2,2.4,2.88,3.3,2.5,2.88,3.2,2.45,2.75,3.25,2.45,2.88,3.1,2.45,2.88,3.25,2.4,2.9,3.3,2.5,2.84,3.2,2.44,3.1,3.3,2.6,2.1,1.7,2.1,1.75,2.05,1.7,2.24,1.79,0.0,2.1,1.78,2.1,1.78,2.03,1.74,2.19,1.82
ING,League 2,E3,15/08/2026,15:00,Barnet,Salford,3,1,H,2,0,H,R Eley,1.6,0.81,20,14,7,3,20,12,6,5,2,3,0,0,2.25,3.2,3.1,,,,,,,2.3,3.3,2.95,2.3,3.4,2.88,2.3,3.3,2.8,2.35,3.4,3.1,2.29,3.29,2.97,,,,2.03,1.83,2.03,1.85,1.93,1.79,,,-0.25,2.05,1.8,2.05,1.8,1.99,1.77,,,2.2,3.6,2.85,2.3,3.5,3.0,2.25,3.4,3.1,2.3,3.4,2.9,2.3,3.4,2.88,2.25,3.6,2.88,2.3,3.6,3.1,2.26,3.47,2.93,2.4,3.7,3.05,1.9,1.9,1.91,1.91,1.86,1.85,1.94,2.04,-0.25,2.0,1.85,2.0,1.85,1.93,1.8,2.09,1.88
ING,League 2,E3,15/08/2026,15:00,Cheltenham,Rotherham,2,1,H,1,0,H,H Wager,0.64,1.74,6,19,4,5,10,11,5,4,3,1,0,0,2.65,3.3,2.45,2.75,3.5,2.5,2.7,3.4,2.5,2.65,3.4,2.5,2.7,3.4,2.5,2.63,3.3,2.45,2.75,3.5,2.55,2.67,3.35,2.49,2.8,3.45,2.58,1.98,1.88,1.98,1.91,1.88,1.84,1.9,1.92,0.0,2.05,1.8,2.05,1.83,1.95,1.79,2.02,1.89,2.5,3.2,2.65,2.6,3.4,2.63,2.63,3.3,2.63,2.6,3.4,2.5,2.5,3.2,2.7,2.5,3.4,2.63,2.7,3.4,2.7,2.58,3.29,2.59,2.74,3.45,2.84,2.05,1.75,2.05,1.8,1.98,1.74,2.18,1.82,0.0,1.88,1.98,1.9,1.98,1.85,1.88,1.95,2.01
ING,League 2,E3,15/08/2026,15:00,Chesterfield,Fleetwood Town,0,1,A,0,1,A,A Dale,1.71,0.77,15,14,3,7,8,14,5,1,1,3,0,0,1.76,3.5,4.33,1.83,3.6,4.33,1.83,3.5,4.33,1.83,3.5,4.1,1.8,3.5,4.5,1.8,3.4,4.2,1.86,3.6,4.5,1.82,3.5,4.2,1.9,3.5,4.4,2.03,1.83,2.03,1.85,1.95,1.77,1.93,1.74,-0.5,1.83,2.03,1.83,2.03,1.79,1.93,1.9,1.98,1.68,3.5,4.75,1.8,3.6,4.5,1.8,3.5,4.5,1.8,3.5,4.33,1.8,3.4,4.4,1.8,3.6,4.0,1.83,3.6,4.75,1.79,3.5,4.36,1.91,3.65,4.7,2.05,1.75,2.05,1.83,1.98,1.75,2.12,1.87,-0.5,1.73,2.08,1.8,2.08,1.76,1.96,1.91,2.08
ING,League 2,E3,15/08/2026,15:00,Crawley Town,Crewe,0,1,A,0,0,D,A Humphries,0.82,2.3,9,18,3,4,6,18,4,11,2,5,2,1,2.5,3.25,2.65,2.5,3.4,2.75,2.55,3.3,2.7,2.55,3.25,2.65,2.5,3.4,2.7,2.45,3.3,2.63,2.6,3.4,2.75,2.52,3.3,2.67,2.6,3.45,2.74,2.0,1.85,2.0,1.85,1.91,1.81,1.92,1.88,0.0,1.88,1.98,1.88,1.98,1.82,1.91,1.86,1.98,3.1,3.3,2.2,2.88,3.4,2.4,3.0,3.4,2.3,2.9,3.4,2.3,2.88,3.3,2.3,2.88,3.4,2.3,3.1,3.5,2.4,2.92,3.35,2.31,3.05,3.5,2.46,1.95,1.85,1.95,1.91,1.89,1.83,1.99,1.98,0.25,1.83,2.03,1.83,2.03,1.78,1.96,1.84,2.14
ING,League 2,E3,15/08/2026,15:00,Gillingham,Walsall,0,3,A,0,0,D,E Heaslip,1.61,2.73,17,17,7,5,12,8,6,9,4,2,0,0,2.15,3.4,3.1,2.3,3.4,3.1,2.3,3.3,3.1,2.25,3.25,3.1,2.25,3.3,3.1,2.25,3.25,3.0,2.3,3.4,3.2,2.25,3.3,3.07,2.38,3.3,3.2,2.0,1.8,2.0,1.8,1.97,1.75,2.04,1.78,-0.25,1.98,1.88,1.98,1.88,1.92,1.81,2.04,1.84,2.32,3.2,3.1,2.38,3.4,3.0,2.38,3.25,3.0,2.35,3.25,2.9,2.3,3.25,3.0,2.25,3.4,3.0,2.4,3.4,3.1,2.32,3.27,2.99,2.44,3.45,3.25,2.05,1.75,2.05,1.8,1.99,1.74,2.18,1.8,-0.25,2.05,1.8,2.05,1.8,1.98,1.76,2.08,1.9
ING,League 2,E3,15/08/2026,15:00,Grimsby,Exeter,1,0,H,1,0,H,A Byrne,1.83,0.72,21,8,4,2,15,8,6,3,1,1,0,0,1.76,3.6,4.2,1.8,3.75,4.33,1.75,3.7,4.5,1.8,3.6,4.2,1.75,3.75,4.33,1.75,3.6,4.2,1.81,3.8,4.5,1.77,3.68,4.24,1.83,3.85,4.7,1.85,1.95,1.85,1.95,1.82,1.89,1.87,1.98,-0.5,1.83,2.03,1.83,2.03,1.75,1.98,1.84,2.16,1.62,3.75,4.75,1.8,3.75,4.5,1.75,3.6,4.6,1.73,3.7,4.4,1.67,3.75,4.75,1.67,3.8,4.5,1.8,3.8,4.75,1.72,3.73,4.53,1.8,4.0,4.9,1.9,1.9,1.9,1.93,1.84,1.87,1.93,2.04,-0.75,1.9,1.95,1.95,1.95,1.91,1.83,1.98,1.98
ING,League 2,E3,15/08/2026,15:00,Northampton,Swindon,0,0,D,0,0,D,S Oldham,0.89,0.21,11,4,3,0,7,6,10,1,0,2,0,0,2.05,3.4,3.3,2.15,3.5,3.3,2.1,3.4,3.4,2.1,3.4,3.25,2.1,3.4,3.3,2.05,3.3,3.25,2.16,3.5,3.5,2.09,3.38,3.31,2.22,3.5,3.55,1.98,1.88,1.98,1.88,1.88,1.82,1.82,1.9,-0.25,1.85,2.0,1.85,2.0,1.8,1.94,1.91,2.06,2.2,3.4,3.1,2.2,3.5,3.2,2.2,3.4,3.13,2.2,3.3,3.1,2.2,3.3,3.1,2.15,3.4,3.1,2.25,3.5,3.2,2.19,3.38,3.1,2.32,3.5,3.35,1.95,1.85,1.95,1.91,1.89,1.82,1.96,2.0,-0.25,1.98,1.88,1.98,1.88,1.89,1.84,2.01,1.96
ING,League 2,E3,15/08/2026,15:00,Tranmere,Shrewsbury,2,0,H,1,0,H,J O'Connor,1.0,1.78,7,15,4,5,15,11,3,5,3,2,0,0,2.15,3.3,3.2,2.3,3.4,3.1,2.3,3.25,3.1,2.25,3.3,3.1,2.3,3.3,3.0,2.3,3.25,2.9,2.38,3.4,3.2,2.27,3.3,3.04,2.4,3.3,3.05,2.1,1.7,2.1,1.73,2.05,1.69,2.14,1.72,-0.25,1.98,1.88,1.98,1.88,1.94,1.8,2.06,1.8,2.1,3.3,3.3,2.2,3.4,3.3,2.15,3.25,3.4,2.2,3.3,3.1,2.1,3.3,3.4,2.1,3.5,3.3,2.25,3.5,3.4,2.13,3.35,3.28,2.24,3.5,3.6,2.15,1.67,2.15,1.73,2.08,1.67,2.24,1.78,-0.25,1.88,1.98,1.88,1.98,1.82,1.92,1.92,2.05
ING,League 2,E3,15/08/2026,15:00,York,Bristol Rvs,3,2,H,0,1,A,T Nield,1.83,1.89,16,13,5,3,9,10,7,6,2,0,0,0,2.15,3.2,3.3,,,,,,,2.2,3.25,3.2,2.25,3.2,3.2,2.25,3.1,3.1,2.25,3.4,3.3,2.19,3.23,3.19,,,,2.08,1.73,2.1,1.75,2.03,1.71,,,-0.25,1.95,1.9,1.95,1.9,1.89,1.87,,,2.2,3.2,3.25,2.3,3.4,3.1,2.25,3.3,3.2,2.25,3.3,3.1,2.2,3.3,3.0,2.2,3.5,3.0,2.3,3.5,3.25,2.23,3.31,3.09,2.38,3.65,3.2,2.08,1.73,2.1,1.75,2.03,1.71,2.12,1.86,-0.25,1.95,1.9,1.95,1.9,1.9,1.84,2.05,1.94
ESC,Premiere League,SC0,31/07/2026,20:00,Dundee United,Rangers,1,1,D,1,0,H,N Walsh,1.64,1.46,11,21,3,6,16,14,5,10,1,3,0,0,5.75,4.33,1.46,5.5,4.6,1.53,5.75,4.5,1.5,5.0,4.5,1.55,5.5,4.5,1.5,5.5,4.75,1.5,5.75,4.75,1.57,5.41,4.48,1.51,6.4,4.7,1.58,1.53,2.5,1.53,2.63,1.47,2.54,1.56,2.72,1.0,2.03,1.83,2.03,1.83,1.95,1.79,2.05,1.89,4.75,3.8,1.62,4.6,4.2,1.67,4.75,4.1,1.65,4.33,4.0,1.7,4.5,3.8,1.67,4.5,4.0,1.65,5.4,4.4,1.73,4.69,4.06,1.63,5.1,4.3,1.75,1.62,2.3,1.62,2.5,1.56,2.31,1.66,2.48,0.75,2.0,1.85,2.0,1.85,1.94,1.79,2.05,1.93
ESC,Premiere League,SC0,01/08/2026,15:00,Falkirk,St Mirren,0,2,A,0,1,A,D Nicolson,0.71,1.64,10,15,1,5,18,18,7,7,0,4,0,0,1.96,3.6,3.5,2.05,3.6,3.5,2.0,3.4,3.4,2.0,3.4,3.5,2.05,3.3,3.6,2.05,3.2,3.5,2.05,3.6,3.7,1.99,3.47,3.49,2.08,3.65,3.65,1.83,2.03,1.83,2.03,1.75,1.98,1.87,2.06,-0.5,2.03,1.83,2.03,1.83,1.95,1.77,2.08,1.85,2.15,3.5,3.1,2.15,3.6,3.25,2.15,3.5,3.13,2.1,3.4,3.2,2.1,3.3,3.3,2.1,3.5,3.25,2.15,3.6,3.6,2.09,3.47,3.28,2.28,3.55,3.5,1.8,2.0,1.8,2.0,1.76,1.96,1.9,2.08,-0.25,1.93,1.93,1.93,1.93,1.84,1.89,1.96,2.02
ESC,Premiere League,SC0,01/08/2026,17:30,Aberdeen,Hearts,2,1,H,0,1,A,D Dickinson,2.66,1.83,11,21,3,4,11,17,4,6,3,2,0,1,3.2,3.4,2.15,3.0,3.6,2.25,3.0,3.4,2.15,3.0,3.6,2.15,3.1,3.5,2.2,3.0,3.4,2.15,3.2,3.7,2.25,3.0,3.5,2.18,3.3,3.75,2.3,1.73,2.1,1.73,2.1,1.7,2.05,1.78,2.14,0.25,1.93,1.93,1.93,1.93,1.86,1.88,1.95,2.01,3.1,3.3,2.25,2.88,3.6,2.3,2.9,3.5,2.3,2.8,3.4,2.35,2.9,3.4,2.3,2.88,3.6,2.25,3.2,3.6,2.4,2.88,3.46,2.3,3.15,3.6,2.44,1.8,2.0,1.8,2.05,1.74,1.99,1.85,2.14,0.25,1.85,2.0,1.85,2.0,1.79,1.94,1.89,2.1
ESC,Premiere League,SC0,02/08/2026,14:00,St Johnstone,Kilmarnock,4,3,H,1,1,D,J Beaton,1.77,0.79,15,7,5,5,6,13,6,3,2,2,0,0,2.15,3.4,3.2,2.25,3.6,3.0,2.15,3.4,3.0,2.15,3.4,3.1,2.25,3.2,3.2,2.25,3.1,3.1,2.25,3.6,3.25,2.17,3.4,3.08,2.42,3.5,3.3,1.83,2.03,1.83,2.03,1.76,1.97,1.89,2.02,-0.25,1.93,1.93,1.93,1.93,1.85,1.89,,,1.91,3.6,3.9,2.05,3.5,3.5,1.95,3.6,3.7,1.95,3.5,3.6,2.0,3.4,3.6,1.95,3.6,3.5,2.05,3.6,3.9,1.96,3.54,3.59,2.06,3.75,3.95,1.8,2.0,1.85,2.0,1.81,1.91,1.9,2.08,-0.5,1.95,1.9,2.0,1.9,1.94,1.79,2.05,1.94
ESC,Premiere League,SC0,02/08/2026,16:30,Hibernian,Motherwell,1,2,A,0,1,A,S McLean,1.92,2.0,19,9,6,5,14,13,9,2,1,3,0,0,2.2,3.4,3.1,2.25,3.6,3.0,2.2,3.4,2.9,2.25,3.4,2.95,2.3,3.2,3.1,2.25,3.1,3.0,2.3,3.6,3.1,2.24,3.38,2.97,2.32,3.45,3.1,1.85,2.0,1.85,2.0,1.78,1.94,1.81,1.99,-0.25,1.98,1.88,1.98,1.88,1.91,1.83,,,1.76,3.6,4.33,1.9,3.6,4.0,1.83,3.6,4.1,1.83,3.6,4.0,1.85,3.5,4.0,1.83,3.7,4.0,1.93,3.7,4.33,1.85,3.56,3.99,1.92,3.75,4.5,1.88,1.98,1.9,1.98,1.84,1.87,1.94,2.04,-0.5,1.83,2.03,1.9,2.03,1.8,1.92,1.92,2.06
ESC,Premiere League,SC0,03/08/2026,19:30,Celtic,Dundee,1,0,H,0,0,D,M MacDermid,2.55,0.47,18,11,4,3,9,7,9,4,1,1,0,0,1.17,7.5,10.0,1.2,7.0,13.0,1.17,6.5,12.0,1.22,6.75,10.5,1.22,5.5,11.0,1.22,5.25,9.0,1.22,7.5,13.5,1.19,6.62,11.31,1.22,7.8,13.0,1.36,3.2,1.36,3.25,1.33,3.09,1.39,3.4,-2.0,1.93,1.93,1.93,1.93,1.88,1.86,1.8,1.8,1.11,9.5,13.0,1.14,8.5,17.0,1.12,8.5,18.0,1.17,8.25,12.0,1.11,8.5,17.0,1.11,10.0,16.0,1.18,10.0,18.0,1.14,8.33,14.66,1.16,10.0,24.0,1.3,3.5,1.33,3.6,1.29,3.34,1.37,3.6,-2.25,1.83,2.03,1.83,2.03,1.79,1.95,1.94,2.02
ESC,Premiere League,SC0,08/08/2026,15:00,Dundee,Aberdeen,2,0,H,1,0,H,C Scott,2.22,0.7,18,9,7,3,9,12,5,4,1,3,0,0,2.65,3.5,2.45,2.75,3.5,2.5,2.63,3.3,2.45,2.6,3.4,2.5,2.6,3.4,2.6,2.5,3.3,2.5,2.78,3.5,2.6,2.65,3.36,2.48,2.8,3.5,2.62,1.88,1.98,1.88,1.98,1.8,1.91,1.9,2.0,0.0,2.0,1.85,2.0,1.85,1.96,1.79,2.01,1.89,2.85,3.5,2.3,2.8,3.5,2.4,2.88,3.4,2.38,2.7,3.3,2.45,2.88,3.3,2.38,2.8,3.5,2.3,2.88,3.5,2.5,2.8,3.39,2.38,3.0,3.55,2.52,1.91,1.91,1.91,2.0,1.81,1.91,1.94,2.02,0.25,1.8,2.05,1.8,2.05,1.76,1.99,1.83,2.16
ESC,Premiere League,SC0,08/08/2026,15:00,St Mirren,St Johnstone,1,0,H,0,0,D,R Hardie,1.36,1.13,13,9,4,2,11,8,5,2,2,1,0,0,2.25,3.3,3.1,2.38,3.5,2.88,2.25,3.4,2.88,2.3,3.3,2.9,2.4,3.1,3.1,2.38,3.0,3.0,2.4,3.5,3.1,2.31,3.33,2.94,2.4,3.5,3.25,1.9,1.95,1.91,2.0,1.83,1.89,1.88,2.0,-0.25,2.03,1.83,2.03,1.83,1.96,1.78,2.06,1.9,2.57,3.25,2.57,2.6,3.4,2.63,2.55,3.4,2.63,2.55,3.3,2.6,2.6,3.2,2.63,2.45,3.4,2.8,2.6,3.4,2.85,2.54,3.32,2.63,2.76,3.45,2.84,1.91,1.91,1.91,2.0,1.82,1.9,1.93,2.04,0.0,1.93,1.93,1.93,1.93,1.86,1.88,1.96,2.01
ESC,Premiere League,SC0,09/08/2026,13:30,Kilmarnock,Celtic,1,5,A,0,3,A,R Lee,0.85,5.64,10,33,6,16,12,10,5,7,1,0,0,0,7.0,5.0,1.37,7.0,5.0,1.4,7.0,4.8,1.36,6.25,5.0,1.4,7.0,5.0,1.33,6.5,5.0,1.36,7.0,5.25,1.43,6.55,4.98,1.38,7.2,5.4,1.41,1.44,2.75,1.44,2.8,1.42,2.69,1.47,2.82,1.25,2.0,1.85,2.0,1.85,1.94,1.81,2.05,1.83,7.5,5.25,1.33,8.0,5.5,1.33,8.0,5.25,1.33,6.5,5.0,1.4,7.5,5.0,1.33,7.0,5.5,1.33,8.0,5.5,1.4,7.19,5.25,1.35,8.8,5.8,1.39,1.44,2.75,1.44,2.8,1.41,2.71,1.49,2.96,1.5,1.88,1.98,1.88,1.98,1.8,1.93,1.89,2.06
ESC,Premiere League,SC0,09/08/2026,15:00,Hearts,Dundee United,4,0,H,2,0,H,K Clancy,2.1,0.54,12,10,7,0,11,11,7,2,1,2,0,0,1.57,4.33,4.75,1.62,4.2,5.0,1.62,3.8,4.8,1.62,4.0,4.8,1.57,4.2,5.0,1.57,4.0,4.8,1.65,4.33,5.0,1.61,4.0,4.85,1.73,4.3,4.9,1.73,2.1,1.73,2.1,1.7,2.05,1.76,2.2,-0.75,1.83,2.03,1.83,2.03,1.78,1.96,,,1.76,4.0,3.9,1.73,4.0,4.33,1.75,3.9,4.2,1.75,3.9,4.1,1.73,3.8,4.2,1.73,4.0,4.0,1.76,4.0,4.5,1.73,3.89,4.15,1.84,4.1,4.6,1.62,2.3,1.67,2.3,1.63,2.17,1.69,2.38,-0.5,1.83,2.03,1.83,2.1,1.72,2.05,1.83,2.19
ESC,Premiere League,SC0,09/08/2026,15:00,Motherwell,Falkirk,0,0,D,0,0,D,C Graham,0.89,0.44,11,10,1,1,17,16,2,2,2,2,0,0,1.79,3.75,4.1,1.83,3.75,4.0,1.8,3.6,3.9,1.85,3.6,3.9,1.8,3.75,3.8,1.8,3.6,3.8,1.85,3.75,4.1,1.82,3.67,3.89,1.87,3.9,4.1,1.73,2.1,1.73,2.1,1.7,2.05,1.76,2.08,-0.5,1.83,2.03,1.83,2.03,1.79,1.93,,,1.81,3.7,4.0,1.83,3.75,4.0,1.83,3.7,4.0,1.8,3.6,4.2,1.8,3.7,4.0,1.8,3.8,4.0,1.85,3.8,4.2,1.81,3.64,4.05,1.91,3.95,4.4,1.73,2.1,1.73,2.1,1.7,2.04,1.84,2.16,-0.5,1.85,2.0,1.85,2.0,1.79,1.95,1.91,2.08
ESC,Premiere League,SC0,09/08/2026,16:00,Rangers,Hibernian,1,2,A,0,1,A,D Robertson,2.05,1.75,25,8,9,2,12,12,7,4,1,1,0,0,1.49,4.33,5.5,1.53,4.5,5.5,1.5,4.2,5.5,1.55,4.2,5.5,1.57,4.0,5.0,1.57,3.9,5.0,1.57,4.5,5.5,1.52,4.23,5.35,1.58,4.5,5.6,1.57,2.38,1.57,2.4,1.53,2.36,1.58,2.4,-1.0,1.88,1.98,1.88,1.98,1.83,1.91,1.91,1.94,1.35,4.75,7.5,1.4,5.0,7.5,1.36,5.0,7.5,1.43,4.75,6.5,1.33,5.0,7.5,1.33,5.0,7.0,1.44,5.0,8.3,1.38,4.81,7.12,1.43,5.2,8.4,1.57,2.38,1.57,2.45,1.52,2.37,1.62,2.58,-1.25,1.83,2.03,1.83,2.03,1.78,1.97,1.93,2.03
ESC,Division 1,SC1,01/08/2026,15:00,Ayr,Arbroath,2,0,H,1,0,H,R Hardie,,,6,6,4,3,7,9,3,7,0,0,0,0,2.4,3.0,2.7,2.4,3.0,2.88,2.45,3.0,2.8,2.4,2.95,2.65,2.4,3.0,2.8,2.38,2.9,2.75,2.55,3.0,2.88,2.43,2.98,2.75,2.54,3.15,3.0,2.35,1.57,2.38,1.57,2.3,1.55,2.36,1.62,-0.25,2.08,1.73,2.08,1.73,2.06,1.69,2.16,1.77,2.05,3.1,3.3,2.1,3.1,3.25,2.05,3.1,3.5,2.05,3.0,3.2,2.1,3.0,3.4,2.1,2.9,3.3,2.2,3.13,3.6,2.1,3.04,3.32,2.16,3.3,3.95,2.25,1.62,2.35,1.62,2.27,1.56,2.36,1.7,-0.5,1.98,1.83,2.1,1.83,2.05,1.68,2.16,1.81
ESC,Division 1,SC1,01/08/2026,15:00,Inverness C,Dunfermline,0,0,D,0,0,D,C Steven,,,19,7,7,2,8,11,5,2,1,1,0,0,2.25,3.25,2.75,2.6,3.25,2.5,2.5,3.2,2.63,2.37,3.1,2.65,2.6,3.3,2.5,2.5,3.1,2.45,2.6,3.3,2.75,2.5,3.17,2.56,2.64,3.1,2.66,2.05,1.75,2.1,1.75,2.03,1.7,2.06,1.75,0.0,1.7,2.1,1.85,2.1,1.78,1.93,1.9,1.89,2.25,3.25,2.75,2.5,3.2,2.63,2.45,3.13,2.7,2.35,3.1,2.65,2.4,3.25,2.63,2.38,3.1,2.6,2.66,3.25,2.8,2.48,3.07,2.66,2.74,3.15,3.0,2.08,1.73,2.1,1.73,2.04,1.69,2.22,1.76,0.0,1.8,2.0,1.8,2.0,1.77,1.95,1.91,2.02
ESC,Division 1,SC1,01/08/2026,15:00,Livingston,Queens Park,2,0,H,0,0,D,C Graham,,,20,6,7,2,11,6,9,0,1,1,0,0,1.42,3.9,6.25,1.44,4.0,7.0,1.44,4.0,6.5,1.44,3.9,6.0,1.4,4.0,6.5,1.4,3.9,6.25,1.46,4.1,7.0,1.43,3.97,6.36,1.42,4.2,6.6,1.9,1.9,1.93,1.9,1.87,1.83,1.9,1.86,-1.25,2.03,1.78,2.03,1.78,2.02,1.72,2.04,1.74,1.48,3.75,5.75,1.44,4.2,6.5,1.45,4.0,6.5,1.43,4.0,6.0,1.44,3.8,6.5,1.44,3.75,6.25,1.48,4.33,7.0,1.44,4.01,6.33,1.5,4.5,8.0,1.95,1.85,1.95,1.91,1.86,1.84,1.94,2.02,-1.0,1.83,1.98,1.83,1.98,1.78,1.94,1.8,2.14
ESC,Division 1,SC1,01/08/2026,15:00,Morton,Partick,0,1,A,0,0,D,J Wilkie,,,7,13,0,5,11,10,4,1,3,2,0,0,4.75,3.75,1.55,5.0,4.0,1.57,5.25,4.0,1.53,4.8,3.7,1.57,5.0,4.0,1.53,4.8,3.8,1.53,5.25,4.0,1.57,4.98,3.85,1.55,6.2,4.2,1.58,1.75,2.05,1.75,2.1,1.71,2.01,1.74,2.14,1.0,1.8,2.0,1.8,2.0,1.78,1.93,1.88,1.97,4.75,3.75,1.55,5.0,4.0,1.57,5.25,3.9,1.55,4.75,3.75,1.55,5.0,3.8,1.57,4.75,3.75,1.55,5.3,4.0,1.61,4.93,3.83,1.57,6.0,4.4,1.62,1.73,2.08,1.73,2.1,1.7,2.03,1.87,2.06,1.0,1.83,1.98,1.83,1.98,1.78,1.94,1.91,2.02
ESC,Division 1,SC1,01/08/2026,15:00,Raith Rvs,Stenhousemuir,1,1,D,1,1,D,C Scott,,,14,3,5,2,5,13,4,2,1,3,0,0,1.44,3.8,6.5,1.6,3.6,5.5,1.57,3.6,5.5,1.55,3.75,4.8,1.62,3.5,5.0,1.6,3.4,4.8,1.62,3.8,6.5,1.57,3.6,5.27,1.62,3.65,6.0,2.05,1.75,2.1,1.75,2.06,1.68,2.14,1.7,-1.0,1.85,1.95,2.02,1.95,1.96,1.77,2.2,1.68,1.38,4.0,7.0,1.36,4.2,8.0,1.33,4.33,8.5,1.38,4.2,6.75,1.36,4.2,7.5,1.36,4.0,7.0,1.4,4.33,9.0,1.37,4.16,7.57,1.45,4.6,9.2,2.05,1.75,2.05,1.91,1.92,1.79,2.04,1.89,-1.25,1.98,1.83,1.98,1.85,1.88,1.84,2.07,1.82
ESC,Division 1,SC1,07/08/2026,19:30,Partick,Livingston,2,0,H,2,0,H,D McFarlane,,,14,9,5,1,12,13,9,10,2,2,0,0,2.3,3.0,3.0,2.3,3.0,2.88,2.3,3.25,2.88,2.2,3.2,2.8,2.25,3.3,2.88,2.2,3.1,2.8,2.3,3.3,3.0,2.27,3.14,2.88,2.48,3.25,3.15,1.95,1.85,1.95,1.85,1.9,1.8,2.02,1.9,-0.25,2.0,1.8,2.0,1.8,1.96,1.76,2.1,1.82,2.25,3.2,2.9,2.3,3.0,2.8,2.3,3.4,2.75,2.25,3.25,2.7,2.2,3.2,3.0,2.15,3.1,2.9,2.3,3.45,3.0,2.25,3.24,2.84,2.38,3.5,3.3,1.75,2.05,1.8,2.05,1.75,1.96,1.86,2.08,-0.25,2.03,1.78,2.03,1.78,1.99,1.74,2.04,1.92
ESC,Division 1,SC1,08/08/2026,15:00,Arbroath,Inverness C,0,0,D,0,0,D,C Stirling,,,2,9,0,5,11,13,1,6,3,3,0,0,2.88,3.3,2.15,3.0,3.2,2.25,3.0,3.13,2.25,2.85,3.2,2.2,2.9,3.3,2.2,2.88,3.1,2.15,3.0,3.3,2.25,2.91,3.21,2.21,3.25,3.25,2.34,2.08,1.73,2.1,1.75,2.01,1.71,2.08,1.79,0.25,1.78,2.03,1.78,2.03,1.76,1.96,1.87,2.0,2.8,3.4,2.15,2.88,3.3,2.25,2.9,3.25,2.25,2.85,3.2,2.2,2.88,3.25,2.2,2.8,3.1,2.2,3.1,3.4,2.3,2.89,3.23,2.22,3.4,3.4,2.34,2.0,1.8,2.0,1.83,1.95,1.75,2.0,1.93,0.25,1.83,1.98,1.83,1.98,1.79,1.93,1.94,2.0
ESC,Division 1,SC1,08/08/2026,15:00,Dunfermline,Ayr,1,1,D,1,1,D,D Dickinson,,,9,5,5,2,7,7,12,6,1,0,0,0,2.05,3.25,3.1,2.0,3.25,3.6,2.0,3.25,3.5,1.93,3.25,3.4,1.95,3.3,3.7,1.91,3.1,3.5,2.05,3.3,3.7,1.98,3.22,3.49,2.02,3.25,3.8,2.1,1.7,2.1,1.7,2.07,1.67,2.12,1.72,-0.25,1.85,1.95,1.85,2.05,1.75,1.99,1.74,2.1,1.9,3.3,3.4,2.0,3.2,3.6,1.95,3.2,3.7,1.93,3.1,3.5,1.85,3.2,4.0,1.83,3.1,3.9,2.0,3.3,4.0,1.93,3.19,3.64,2.0,3.45,4.5,2.15,1.67,2.2,1.7,2.09,1.66,2.18,1.78,-0.5,1.95,1.85,1.95,1.85,1.92,1.77,2.02,1.96
ESC,Division 1,SC1,08/08/2026,15:00,Queens Park,Raith Rvs,1,2,A,0,1,A,J Wilkie,,,9,10,4,4,14,12,4,2,1,2,0,0,3.5,3.25,1.9,3.75,3.4,1.9,3.7,3.3,1.93,3.4,3.3,1.88,3.8,3.4,1.85,3.6,3.25,1.83,3.85,3.4,1.93,3.64,3.33,1.89,4.0,3.45,2.0,2.0,1.8,2.0,1.83,1.95,1.76,1.98,1.89,0.5,1.83,1.98,1.85,1.98,1.81,1.88,1.93,2.0,3.1,3.2,2.05,3.3,3.3,2.05,3.25,3.25,2.1,3.25,3.2,2.0,3.4,3.3,1.95,3.3,3.25,1.95,3.4,3.35,2.1,3.28,3.24,2.03,3.95,3.3,2.18,2.0,1.8,2.0,1.83,1.94,1.76,2.1,1.86,0.25,1.98,1.83,1.98,1.83,1.92,1.8,2.12,1.85
ESC,Division 1,SC1,08/08/2026,15:00,Stenhousemuir,Morton,2,0,H,0,0,D,J Hay,,,13,11,4,3,16,7,9,4,1,1,0,0,1.95,3.25,3.3,2.0,3.4,3.4,2.0,3.3,3.4,1.98,3.2,3.3,2.0,3.4,3.4,1.95,3.25,3.25,2.02,3.4,3.45,1.99,3.27,3.35,2.1,3.55,3.6,1.98,1.83,2.0,1.85,1.93,1.78,1.92,1.87,-0.5,2.05,1.75,2.05,1.77,1.98,1.72,2.1,1.83,2.05,3.3,3.1,2.1,3.25,3.25,2.1,3.25,3.2,2.0,3.2,3.2,2.1,3.0,3.25,2.1,3.0,3.1,2.2,3.4,3.4,2.08,3.19,3.22,2.3,3.35,3.55,1.95,1.85,1.95,1.85,1.9,1.81,2.06,1.9,-0.25,1.88,1.93,1.88,1.93,1.82,1.9,1.94,2.02
ESC,Division 2,SC2,01/08/2026,15:00,Alloa,East Fife,0,0,D,0,0,D,J Kennedy,,,7,5,4,0,7,8,12,3,1,1,0,0,1.9,3.5,3.4,1.91,3.4,3.4,1.91,3.4,3.6,1.93,3.3,3.25,1.95,3.4,3.5,1.91,3.3,3.4,1.95,3.5,3.6,1.92,3.38,3.4,1.99,3.25,3.75,1.9,1.9,1.9,1.91,1.85,1.85,1.89,1.87,-0.5,1.95,1.85,1.95,1.85,1.92,1.78,1.99,1.84,2.15,3.4,2.88,2.1,3.3,3.0,2.0,3.4,3.3,2.1,3.2,2.95,2.1,3.3,3.0,2.1,3.25,3.0,2.2,3.4,3.3,2.09,3.27,3.09,2.44,3.5,3.05,1.9,1.9,1.9,1.93,1.82,1.86,1.95,2.0,-0.25,1.93,1.88,1.93,1.97,1.8,1.91,1.88,2.04
ESC,Division 2,SC2,01/08/2026,15:00,Cove Rangers,Airdrie Utd,0,0,D,0,0,D,D Graves,,,10,8,6,3,18,13,4,5,2,3,0,0,2.63,3.4,2.25,2.63,3.4,2.3,2.88,3.2,2.3,2.55,3.4,2.3,2.63,3.5,2.3,2.6,3.4,2.25,2.88,3.5,2.35,2.66,3.38,2.29,1.04,1.08,1.05,2.0,1.8,2.0,1.8,1.94,1.76,1.31,1.08,0.0,2.08,1.73,2.08,1.73,2.04,1.69,1.01,1.03,3.1,3.6,1.91,3.4,3.3,1.95,3.3,3.3,2.05,3.2,3.2,1.98,3.6,3.4,1.87,3.5,3.3,1.85,3.6,3.6,2.05,3.35,3.31,1.96,3.95,3.7,2.02,2.0,1.8,2.0,1.91,1.9,1.79,1.97,1.95,0.5,1.8,2.0,1.8,2.02,1.73,1.96,1.92,2.02
ESC,Division 2,SC2,01/08/2026,15:00,East Kilbride,Queen of Sth,5,1,H,3,1,H,J Hay,,,15,4,7,4,8,19,4,1,1,6,0,0,1.45,3.9,5.75,1.4,4.2,6.0,1.44,4.2,6.0,1.46,4.1,5.25,1.4,4.33,6.0,1.4,4.2,5.75,1.48,4.33,6.0,1.44,4.16,5.65,1.04,1.14,1.09,1.62,2.25,1.67,2.25,1.63,2.13,1.22,1.05,-1.25,2.03,1.78,2.03,1.78,1.97,1.74,,,1.5,3.9,5.25,1.53,3.75,5.0,1.5,4.2,5.25,1.55,4.0,4.4,1.5,4.33,4.75,1.5,4.2,4.6,1.61,4.5,5.25,1.54,4.07,4.67,1.61,4.7,5.4,1.57,2.35,1.63,2.35,1.58,2.21,1.64,2.44,-1.0,1.9,1.9,1.9,1.9,1.87,1.83,1.98,1.93
ESC,Division 2,SC2,01/08/2026,15:00,Montrose,Hamilton,0,5,A,0,2,A,A Hendry,,,3,8,1,7,12,11,4,9,0,0,0,0,3.3,3.4,1.9,3.1,3.5,2.0,3.3,3.6,1.95,3.1,3.4,1.95,3.2,3.5,2.0,3.1,3.4,2.0,3.3,3.6,2.05,3.16,3.45,1.97,2.98,3.15,1.88,1.73,2.08,1.73,2.1,1.7,2.03,1.64,1.89,0.5,1.83,1.98,1.83,2.0,1.74,1.96,1.75,1.88,2.75,3.3,2.2,2.75,3.4,2.2,2.8,3.4,2.25,2.87,3.3,2.1,2.75,3.5,2.2,2.7,3.4,2.15,3.25,3.5,2.25,2.88,3.37,2.14,3.05,3.7,2.3,1.7,2.1,1.73,2.1,1.69,2.02,1.82,2.18,0.25,1.8,2.0,1.8,2.0,1.77,1.94,1.95,2.0
ESC,Division 2,SC2,01/08/2026,15:00,Peterhead,Ross County,0,1,A,0,0,D,C Stirling,,,8,13,3,5,16,14,3,6,2,4,0,0,3.5,4.0,1.73,4.0,3.75,1.67,4.2,3.6,1.73,3.7,3.75,1.71,4.2,3.8,1.67,4.0,3.75,1.67,4.2,4.0,1.73,3.9,3.77,1.71,1.04,1.04,1.04,1.83,1.98,1.83,1.98,1.79,1.91,1.28,1.05,0.75,1.8,2.0,1.8,2.0,1.78,1.93,1.02,1.04,3.9,4.1,1.62,4.5,3.6,1.62,4.8,3.75,1.62,4.6,3.5,1.63,5.0,3.75,1.57,4.8,3.6,1.55,5.0,4.1,1.71,4.47,3.69,1.63,5.8,4.1,1.67,1.85,1.95,1.85,2.0,1.76,1.93,1.87,2.1,0.75,1.98,1.83,1.98,1.83,1.91,1.8,2.11,1.84
ESC,Division 2,SC2,08/08/2026,15:00,Airdrie Utd,East Kilbride,1,1,D,0,0,D,G Irvine,,,8,10,4,4,14,17,3,7,3,4,0,0,3.5,3.5,1.9,3.3,3.6,1.9,3.5,3.5,1.91,3.25,3.5,1.9,3.3,3.8,1.91,3.25,3.6,1.85,3.5,4.2,1.95,3.26,3.65,1.9,3.7,3.8,1.91,1.73,2.08,1.73,2.08,1.71,2.01,1.71,2.18,0.5,1.85,1.95,1.85,1.95,1.8,1.9,1.98,1.91,2.5,3.4,2.45,2.6,3.4,2.3,2.75,3.5,2.25,2.55,3.3,2.3,2.63,3.5,2.3,2.6,3.4,2.3,2.75,3.6,2.75,2.55,3.43,2.35,2.74,3.8,2.54,1.7,2.1,1.7,2.2,1.65,2.1,1.75,2.3,0.0,1.93,1.88,2.05,1.88,1.99,1.74,2.05,1.88
ESC,Division 2,SC2,08/08/2026,15:00,East Fife,Cove Rangers,2,0,H,0,0,D,I Snedden,,,17,7,9,4,12,12,2,3,1,0,0,0,2.15,3.1,3.0,2.15,3.2,3.0,2.15,3.25,3.13,2.1,3.2,3.0,2.1,3.3,3.2,2.1,3.1,3.1,2.15,3.3,3.2,2.12,3.2,3.06,2.22,3.35,3.25,2.05,1.75,2.1,1.75,2.01,1.71,2.04,1.77,-0.25,1.93,1.88,1.93,1.88,1.86,1.85,1.9,1.9,2.2,3.1,2.9,2.25,3.2,2.8,2.25,3.13,3.0,2.2,3.1,2.85,2.2,3.1,3.0,2.2,3.1,2.9,2.25,3.5,3.0,2.2,3.17,2.91,2.24,3.5,3.45,2.08,1.73,2.08,1.83,1.97,1.74,2.08,1.85,-0.25,1.98,1.83,1.98,1.83,1.93,1.79,1.94,2.0
ESC,Division 2,SC2,08/08/2026,15:00,Hamilton,Alloa,1,0,H,1,0,H,P Stuart,,,9,5,3,1,19,11,7,3,4,2,0,0,1.67,3.4,4.75,1.6,3.75,4.6,1.65,3.6,4.75,1.62,3.6,4.5,1.62,3.8,4.75,1.6,3.6,4.6,1.67,3.8,4.8,1.62,3.64,4.58,1.66,4.0,5.5,1.9,1.9,1.9,1.93,1.83,1.86,1.9,1.92,-0.75,1.9,1.9,1.9,1.93,1.82,1.88,1.84,2.12,1.6,3.5,5.0,1.57,3.6,5.0,1.6,3.7,5.0,1.58,3.6,4.8,1.6,3.6,4.75,1.5,3.75,5.0,1.64,4.0,5.0,1.59,3.68,4.82,1.7,4.1,5.4,1.9,1.9,1.9,1.91,1.83,1.86,1.96,2.0,-0.75,1.8,2.0,1.8,2.0,1.77,1.94,1.88,2.06
ESC,Division 2,SC2,08/08/2026,15:00,Queen of Sth,Peterhead,0,1,A,0,1,A,G Grainger,,,7,14,0,5,8,17,9,2,0,1,0,0,2.6,3.4,2.3,2.5,3.4,2.38,2.63,3.4,2.38,2.55,3.4,2.3,2.6,3.5,2.4,2.5,3.4,2.38,2.63,3.5,2.45,2.57,3.4,2.35,2.66,3.5,2.48,1.7,2.1,1.7,2.1,1.67,2.06,1.73,2.08,0.0,2.03,1.78,2.03,1.83,1.95,1.77,1.95,1.81,2.75,3.4,2.2,2.63,3.4,2.3,2.8,3.4,2.25,2.75,3.3,2.2,2.7,3.3,2.3,2.9,3.25,2.1,2.9,3.4,2.38,2.76,3.33,2.25,2.94,3.5,2.52,1.73,2.08,1.77,2.1,1.7,2.01,1.82,2.12,0.0,2.1,1.7,2.1,1.83,2.02,1.71,2.12,1.82
ESC,Division 2,SC2,08/08/2026,15:00,Ross County,Montrose,2,1,H,1,1,D,S Murdoch,,,22,7,11,4,12,15,10,4,4,3,0,0,1.27,4.5,8.5,1.25,5.0,8.5,1.25,5.25,9.5,1.27,5.0,8.5,1.25,5.0,9.0,1.25,4.8,8.0,1.29,5.25,9.5,1.27,4.99,8.54,1.25,5.0,8.8,1.62,2.25,1.62,2.25,1.58,2.21,1.55,2.04,-1.5,1.85,1.95,1.85,1.95,1.81,1.88,1.74,1.81,1.4,3.9,6.25,1.36,4.33,7.0,1.4,4.4,6.5,1.37,4.33,6.5,1.4,4.2,6.5,1.4,4.0,6.25,1.43,4.8,8.5,1.38,4.28,6.64,1.5,4.5,7.6,1.67,2.15,1.67,2.25,1.63,2.14,1.78,2.18,-1.25,1.95,1.85,1.95,1.85,1.88,1.82,2.09,1.85
ESC,Division 2,SC2,15/08/2026,15:00,Alloa,Montrose,3,0,H,2,0,H,A Grieve,,,18,4,9,1,11,22,7,5,2,2,0,0,2.0,3.4,3.1,2.0,3.4,3.1,2.05,3.4,3.2,2.0,3.3,3.1,2.0,3.5,3.2,2.0,3.4,3.1,2.08,3.5,3.25,2.03,3.39,3.12,2.06,3.45,3.3,1.85,1.95,1.85,2.0,1.77,1.93,1.81,1.95,-0.25,1.83,1.98,1.83,1.98,1.8,1.91,1.81,2.0,2.35,3.25,2.6,2.38,3.3,2.6,2.5,3.3,2.55,2.3,3.25,2.6,2.4,3.4,2.5,2.38,3.3,2.5,2.54,3.5,2.8,2.38,3.31,2.61,2.58,3.45,2.84,1.85,1.95,1.85,1.95,1.8,1.9,1.89,2.02,0.0,1.7,2.1,1.81,2.1,1.76,1.94,1.87,2.0
ESC,Division 2,SC2,15/08/2026,15:00,East Kilbride,Cove Rangers,3,0,H,0,0,D,D McFarlane,,,10,4,6,3,14,14,7,2,1,2,0,1,1.42,4.33,5.25,1.36,4.6,6.0,1.4,4.6,6.0,1.4,4.5,5.75,1.33,5.0,6.5,1.36,4.75,6.0,1.44,5.0,6.5,1.4,4.57,5.69,1.43,5.0,6.2,1.44,2.63,1.58,2.75,1.46,2.55,1.43,2.82,-1.25,1.9,1.9,1.91,1.9,1.89,1.82,1.87,1.91,1.44,4.33,5.25,1.44,4.33,5.5,1.4,4.6,6.0,1.46,4.2,5.25,1.5,4.2,5.0,1.5,4.0,4.8,1.53,4.6,6.0,1.46,4.28,5.31,1.58,4.6,5.6,1.44,2.63,1.58,2.88,1.46,2.54,1.48,2.92,-1.0,1.73,2.08,1.73,2.08,1.68,2.07,1.87,2.01
ESC,Division 2,SC2,15/08/2026,15:00,Hamilton,Airdrie Utd,4,0,H,1,0,H,S Murdoch,,,10,6,5,2,17,13,7,8,2,3,0,0,1.9,3.3,3.4,2.0,3.3,3.3,2.0,3.3,3.4,1.95,3.25,3.3,2.0,3.4,3.4,1.95,3.25,3.25,2.05,3.4,3.6,1.98,3.27,3.36,2.08,3.35,3.5,2.0,1.8,2.0,1.8,1.92,1.78,1.98,1.82,-0.5,2.0,1.8,2.0,1.8,1.96,1.74,2.08,1.8,1.8,3.4,3.8,1.91,3.3,3.5,1.83,3.4,3.9,1.93,3.3,3.3,1.85,3.4,3.7,1.83,3.3,3.6,1.95,3.8,3.9,1.88,3.43,3.58,2.0,3.8,4.1,1.95,1.85,1.95,1.91,1.86,1.84,1.9,2.02,-0.5,1.83,1.98,1.93,1.98,1.85,1.83,2.0,1.98
ESC,Division 2,SC2,15/08/2026,15:00,Peterhead,East Fife,2,1,H,0,0,D,A Hendry,,,7,3,5,2,0,6,2,1,1,4,0,0,1.9,3.3,3.6,1.95,3.25,3.5,1.87,3.3,3.9,1.87,3.25,3.5,1.95,3.3,3.6,1.91,3.25,3.5,1.95,3.3,3.9,1.92,3.25,3.65,1.99,3.25,4.0,2.1,1.7,2.1,1.73,2.05,1.69,2.12,1.74,-0.5,1.93,1.88,1.95,1.88,1.9,1.8,1.99,1.9,1.91,3.4,3.4,1.9,3.3,3.5,1.91,3.4,3.6,1.9,3.3,3.3,1.9,3.4,3.6,1.85,3.3,3.5,1.95,3.5,3.6,1.91,3.37,3.45,2.1,3.65,3.8,1.95,1.85,1.95,1.91,1.86,1.83,2.02,1.92,-0.5,1.98,1.83,1.98,1.83,1.91,1.77,2.1,1.88
ESC,Division 3,SC3,01/08/2026,15:00,Annan Athletic,Spartans,2,4,A,1,0,H,C Ashwood,,,11,11,5,8,20,9,7,3,5,2,0,0,3.0,3.3,2.05,3.0,3.4,2.05,3.0,3.3,2.15,2.9,3.4,2.1,3.1,3.4,2.05,3.0,3.3,2.05,3.1,3.5,2.15,2.96,3.37,2.09,3.15,3.6,2.16,1.85,1.95,1.85,1.95,1.8,1.9,1.84,1.92,0.25,1.93,1.88,1.93,1.88,1.87,1.84,1.89,1.88,2.8,3.2,2.2,2.8,3.3,2.2,2.88,3.3,2.25,2.87,3.2,2.15,2.8,3.3,2.2,2.75,3.25,2.2,2.88,3.6,2.25,2.82,3.27,2.2,3.15,3.8,2.28,1.85,1.95,1.85,1.95,1.81,1.89,1.88,2.02,0.25,1.8,2.0,1.8,2.0,1.77,1.94,1.96,2.0
ESC,Division 3,SC3,01/08/2026,15:00,Clyde,Stranraer,3,1,H,3,1,H,J McCunnie,,,16,7,6,5,9,8,7,7,1,2,0,0,2.2,3.3,2.75,2.25,3.3,2.75,2.25,3.3,2.8,2.2,3.3,2.7,2.25,3.4,2.8,2.2,3.3,2.7,2.25,3.4,2.8,2.23,3.32,2.74,2.1,3.25,2.46,1.85,1.95,1.85,1.95,1.8,1.9,1.74,1.78,-0.25,2.0,1.8,2.0,1.8,1.96,1.75,1.86,1.67,1.85,3.4,3.4,1.91,3.4,3.4,2.0,3.3,3.4,1.9,3.3,3.4,1.95,3.4,3.3,1.95,3.3,3.25,2.1,3.8,3.4,1.95,3.34,3.32,1.96,3.95,3.9,1.85,1.95,1.85,1.95,1.82,1.88,1.87,2.02,-0.5,1.95,1.85,1.97,1.85,1.92,1.76,1.95,1.96
ESC,Division 3,SC3,01/08/2026,15:00,Edinburgh City,Elgin,0,5,A,0,3,A,G Hanvidge,,,7,10,4,5,17,13,3,5,3,1,0,0,1.83,3.8,3.3,1.8,3.6,3.6,1.85,3.5,3.7,1.78,3.6,3.6,1.8,3.7,3.7,1.8,3.5,3.5,1.85,3.8,3.7,1.82,3.62,3.55,1.89,3.65,3.65,1.73,2.08,1.73,2.1,1.68,2.06,1.8,2.02,-0.5,1.88,1.93,1.88,1.93,1.82,1.87,1.89,1.92,2.0,3.7,3.0,2.05,3.4,3.0,2.05,3.4,3.1,2.0,3.3,3.1,2.05,3.5,3.0,2.05,3.4,2.9,2.12,3.8,3.35,2.03,3.39,3.07,2.26,3.9,3.15,1.73,2.08,1.73,2.2,1.69,2.03,1.8,2.14,-0.25,1.83,1.98,1.83,1.98,1.8,1.91,1.97,1.96
ESC,Division 3,SC3,01/08/2026,15:00,Forfar,Kelty Hearts,1,0,H,1,0,H,G Soutar,,,6,13,3,6,13,10,4,5,1,1,0,0,3.0,3.6,2.0,3.2,3.5,1.95,3.3,3.5,1.95,3.1,3.5,1.95,3.3,3.6,1.95,3.1,3.5,1.91,3.3,3.65,2.0,3.15,3.54,1.95,1.04,1.04,1.04,1.7,2.1,1.7,2.1,1.67,2.08,1.22,1.29,0.5,1.8,2.0,1.8,2.0,1.75,1.95,1.01,1.04,3.25,3.5,1.95,3.1,3.4,2.0,3.4,3.4,1.95,3.1,3.2,2.05,2.9,3.25,2.15,2.9,3.2,2.15,3.4,3.6,2.15,3.16,3.36,2.0,3.6,3.8,2.12,1.95,1.85,1.95,2.0,1.81,1.88,1.89,2.04,0.5,1.8,2.0,1.8,2.05,1.73,1.95,1.84,2.12
ESC,Division 3,SC3,01/08/2026,15:00,Stirling,Dumbarton,2,0,H,1,0,H,A Grieve,,,7,10,5,4,12,18,7,8,2,4,0,0,2.2,3.4,2.7,2.3,3.4,2.63,2.3,3.4,2.75,2.25,3.4,2.6,2.3,3.5,2.63,2.25,3.4,2.6,2.33,3.5,2.75,2.28,3.39,2.66,2.36,3.2,2.78,1.73,2.08,1.73,2.1,1.69,2.05,1.75,2.12,-0.25,2.0,1.8,2.0,1.8,1.97,1.74,2.04,1.64,2.2,3.4,2.7,2.3,3.4,2.63,2.25,3.4,2.75,2.25,3.2,2.65,2.25,3.3,2.75,2.25,3.25,2.7,2.38,3.5,2.75,2.29,3.3,2.67,2.4,3.6,3.0,1.73,2.08,1.73,2.3,1.69,2.05,1.78,2.16,-0.25,2.03,1.78,2.03,1.78,1.98,1.74,2.08,1.85
ESC,Division 3,SC3,08/08/2026,15:00,Dumbarton,Clyde,1,0,H,0,0,D,C Ashwood,,,10,13,5,1,7,17,4,7,2,3,0,0,3.5,3.5,1.85,3.4,3.4,1.91,3.5,3.4,1.91,3.3,3.4,1.88,3.4,3.6,1.91,3.3,3.5,1.85,3.5,3.6,1.95,3.38,3.43,1.9,3.6,3.5,1.96,1.8,2.0,1.8,2.0,1.76,1.94,1.77,2.02,0.5,1.88,1.93,1.88,1.93,1.8,1.89,1.96,1.96,3.5,3.6,1.8,3.3,3.5,1.91,3.4,3.5,1.91,3.25,3.3,1.93,3.3,3.6,1.9,3.25,3.5,1.85,3.5,4.0,2.0,3.34,3.49,1.9,3.9,4.2,1.91,1.7,2.1,1.73,2.1,1.68,2.05,1.74,2.24,0.5,1.98,1.83,1.98,1.93,1.8,1.88,2.05,1.91
ESC,Division 3,SC3,08/08/2026,15:00,Elgin,Forfar,1,1,D,1,1,D,R Birrell,,,13,5,4,5,14,7,3,5,1,4,0,0,1.83,3.4,3.6,1.83,3.4,3.75,1.85,3.4,3.75,1.83,3.3,3.6,1.8,3.5,3.8,1.8,3.4,3.6,1.85,3.5,3.8,1.83,3.4,3.64,1.88,1.1,4.0,1.95,1.85,1.95,1.88,1.86,1.83,1.71,1.86,-0.5,1.9,1.9,1.9,1.9,1.84,1.84,1.88,1.86,1.65,3.5,4.33,1.67,3.6,4.33,1.67,3.5,4.6,1.65,3.5,4.4,1.7,3.3,4.75,1.6,3.5,4.8,1.7,3.75,5.0,1.65,3.54,4.54,1.66,4.0,6.0,1.95,1.85,1.95,1.91,1.84,1.84,1.89,2.0,-0.75,1.9,1.9,1.9,1.9,1.86,1.84,1.94,1.96
ESC,Division 3,SC3,08/08/2026,15:00,Kelty Hearts,Stirling,3,2,H,2,0,H,G Calder,,,11,8,7,7,13,16,2,3,5,4,0,0,2.0,3.3,3.1,2.05,3.3,3.1,2.05,3.3,3.2,2.05,3.2,3.1,2.1,3.25,3.1,2.1,3.1,3.0,2.1,3.4,3.3,2.04,3.28,3.13,2.18,3.45,3.2,1.95,1.85,1.95,1.91,1.85,1.84,1.93,1.89,-0.5,2.05,1.75,2.05,1.75,2.02,1.69,2.18,1.72,1.95,3.5,3.2,2.0,3.4,3.1,1.93,3.4,3.5,2.05,3.3,3.0,2.2,3.4,2.8,2.0,3.4,3.1,2.2,3.75,3.5,2.01,3.44,3.12,2.32,3.7,3.05,1.8,2.0,1.8,2.0,1.75,1.95,1.85,2.1,-0.25,1.83,1.98,1.83,2.04,1.73,2.0,2.03,1.9
ESC,Division 3,SC3,08/08/2026,15:00,Spartans,Edinburgh City,2,2,D,0,1,A,E Birch,,,5,12,2,3,11,17,2,4,6,5,0,0,1.42,4.0,6.0,1.4,4.2,6.5,1.4,4.33,6.5,1.4,4.4,5.75,1.36,4.5,6.5,1.36,4.2,6.0,1.42,4.5,6.6,1.4,4.3,6.1,1.5,3.95,6.0,1.62,2.25,1.62,2.25,1.59,2.2,1.63,2.26,-1.25,1.98,1.83,1.98,1.83,1.91,1.8,1.98,1.87,1.45,3.75,6.0,1.5,3.75,5.5,1.5,4.0,5.75,1.47,4.0,5.25,1.5,4.0,5.5,1.5,3.8,5.25,1.5,4.4,6.0,1.48,3.94,5.5,1.57,4.6,6.0,1.8,2.0,1.8,2.1,1.7,2.03,1.84,2.08,-1.0,1.83,1.98,1.83,1.98,1.82,1.89,1.97,1.93
ESC,Division 3,SC3,08/08/2026,15:00,Stranraer,Annan Athletic,0,1,A,0,0,D,J Curran,,,8,11,0,3,10,12,5,6,3,1,0,0,2.0,3.3,3.25,1.95,3.4,3.3,2.0,3.3,3.4,1.98,3.2,3.3,2.0,3.4,3.4,1.95,3.3,3.25,2.02,3.4,3.4,1.98,3.3,3.31,2.0,3.4,3.55,1.9,1.9,1.91,1.9,1.85,1.84,1.85,1.92,-0.5,2.05,1.75,2.05,1.8,1.96,1.73,2.0,1.8,1.85,3.4,3.6,1.83,3.4,3.75,1.83,3.4,3.8,1.83,3.3,3.7,1.8,3.4,3.8,1.8,3.3,3.75,1.91,3.5,3.8,1.83,3.38,3.7,1.93,3.75,4.2,1.85,1.95,1.91,1.95,1.84,1.85,1.89,2.02,-0.5,1.88,1.93,1.88,1.93,1.82,1.86,1.93,2.0
ESC,Division 3,SC3,15/08/2026,15:00,Annan Athletic,Clyde,1,2,A,1,1,D,L Hogarth,,,11,13,5,6,12,14,3,4,3,1,0,0,2.88,3.5,2.1,3.1,3.5,2.0,3.2,3.4,2.05,3.0,3.4,2.0,3.1,3.6,2.0,3.0,3.5,2.0,3.2,3.8,2.1,3.08,3.5,2.01,3.35,3.55,2.0,1.75,2.05,1.77,2.05,1.72,1.99,1.65,2.1,0.25,1.98,1.83,1.98,1.83,1.94,1.78,2.02,1.76,2.7,3.5,2.2,2.6,3.4,2.2,2.75,3.5,2.2,2.6,3.4,2.25,2.63,3.4,2.3,2.6,3.3,2.3,2.75,3.8,2.33,2.65,3.5,2.24,3.1,3.85,2.32,1.62,2.25,1.62,2.4,1.59,2.22,1.66,2.36,0.25,1.75,2.05,1.75,2.05,1.75,1.97,1.93,2.02
ESC,Division 3,SC3,15/08/2026,15:00,Dumbarton,Edinburgh City,0,3,A,0,2,A,C Stirling,,,4,16,1,7,18,16,8,2,1,2,0,0,1.91,3.4,3.4,2.0,3.4,3.1,2.05,3.4,3.13,2.05,3.4,2.9,2.0,3.5,3.2,2.0,3.4,3.1,2.05,3.75,3.45,2.0,3.47,3.15,1.9,3.35,2.7,1.8,2.0,1.8,2.0,1.74,1.97,1.67,1.86,-0.25,1.8,2.0,1.8,2.0,1.79,1.93,1.71,1.81,2.2,3.3,2.88,2.2,3.4,2.75,2.25,3.4,2.8,2.15,3.25,2.8,2.2,3.5,2.75,2.15,3.4,2.7,2.25,3.6,2.88,2.2,3.41,2.77,2.38,3.7,2.92,1.8,2.0,1.8,2.1,1.73,1.98,1.81,2.08,-0.25,1.98,1.83,1.98,1.83,1.94,1.78,2.06,1.86
ESC,Division 3,SC3,15/08/2026,15:00,Elgin,Kelty Hearts,4,1,H,1,0,H,M Daly,,,17,6,10,2,10,5,4,4,2,1,0,0,2.3,3.5,2.55,2.2,3.3,2.8,2.25,3.25,2.88,2.25,3.25,2.7,2.25,3.4,2.8,2.2,3.25,2.75,2.35,3.5,2.88,2.26,3.28,2.77,2.24,3.3,2.98,1.9,1.9,1.9,1.91,1.82,1.88,1.84,1.98,-0.25,2.03,1.78,2.03,1.78,1.97,1.75,1.94,1.82,2.3,3.5,2.55,2.2,3.4,2.75,2.25,3.4,2.8,2.25,3.3,2.65,2.2,3.5,2.75,2.15,3.4,2.7,2.35,3.5,2.9,2.24,3.37,2.74,2.32,3.7,3.05,1.8,2.0,1.8,2.0,1.76,1.95,1.76,2.22,-0.25,2.03,1.78,2.03,1.78,1.96,1.75,2.03,1.89
ESC,Division 3,SC3,15/08/2026,15:00,Forfar,Stirling,3,0,H,2,0,H,J Curran,,,10,11,6,3,11,10,8,5,1,2,0,0,2.25,3.4,2.63,2.38,3.3,2.6,2.38,3.25,2.7,2.3,3.2,2.65,2.3,3.4,2.63,2.3,3.25,2.6,2.4,3.4,2.7,2.33,3.28,2.65,2.4,3.2,2.68,1.9,1.9,1.91,1.9,1.85,1.84,1.87,2.1,-0.25,2.05,1.75,2.05,1.75,2.04,1.7,2.07,1.71,2.3,3.4,2.6,2.6,3.3,2.4,2.5,3.3,2.5,2.45,3.25,2.45,2.5,3.3,2.4,2.5,3.25,2.38,2.6,3.6,2.6,2.47,3.34,2.46,2.64,3.75,2.58,1.85,1.95,1.85,2.0,1.78,1.91,1.83,2.12,0.0,1.78,2.03,1.83,2.03,1.82,1.89,1.95,1.92
ESC,Division 3,SC3,15/08/2026,15:00,Stranraer,Spartans,1,0,H,0,0,D,D Graves,,,11,10,4,2,12,13,10,7,3,2,0,0,2.63,3.25,2.35,2.63,3.25,2.38,2.7,3.2,2.4,2.65,3.2,2.3,2.7,3.3,2.3,2.63,3.25,2.3,2.9,3.4,2.4,2.68,3.27,2.33,2.76,3.3,2.5,2.0,1.8,2.0,1.8,1.92,1.79,1.98,1.86,0.0,2.03,1.78,2.03,1.78,1.98,1.75,2.0,1.8,2.55,3.5,2.3,2.6,3.4,2.3,2.7,3.5,2.25,2.6,3.25,2.3,2.6,3.5,2.3,2.5,3.4,2.3,2.7,3.6,2.4,2.61,3.45,2.29,2.84,3.7,2.38,1.6,2.3,1.73,2.3,1.65,2.1,1.73,2.22,0.25,1.78,2.03,1.8,2.03,1.76,1.96,1.84,2.09
ALE,Bundesliga 2,D2,07/08/2026,19:30,Bochum,Hertha,0,1,A,0,1,A,,1.16,0.74,13,11,3,2,18,13,5,2,2,5,0,0,2.25,3.5,3.0,2.25,3.5,2.75,2.25,3.5,2.9,2.3,3.6,2.9,2.2,3.4,2.9,2.15,3.25,2.88,2.3,3.6,3.0,2.22,3.45,2.88,2.38,3.7,3.2,1.7,2.1,1.7,2.25,1.65,2.12,1.79,2.24,-0.25,1.98,1.83,1.98,1.83,1.91,1.81,2.05,1.93,2.25,3.5,3.1,2.2,3.5,2.88,2.2,3.5,3.0,2.25,3.5,2.95,2.2,3.25,2.9,2.15,3.2,2.9,2.25,3.5,3.1,2.21,3.42,2.94,2.36,3.6,3.3,1.73,2.08,1.73,2.2,1.66,2.11,1.78,2.26,-0.25,1.95,1.85,1.95,1.85,1.89,1.83,2.03,1.96
ALE,Bundesliga 2,D2,08/08/2026,12:00,Darmstadt,Holstein Kiel,2,2,D,0,2,A,,0.74,1.41,14,11,3,6,15,16,8,4,2,3,0,0,2.2,3.5,3.1,2.15,3.5,3.0,2.15,3.6,2.9,2.2,3.7,3.0,2.1,3.5,2.9,2.1,3.4,2.88,2.25,3.7,3.1,2.16,3.49,2.94,2.32,3.7,3.1,1.65,2.2,1.65,2.25,1.59,2.22,1.71,2.26,-0.25,1.93,1.88,1.93,1.9,1.88,1.85,2.02,1.9,2.3,3.5,2.9,2.2,3.5,2.88,2.25,3.6,2.8,2.25,3.6,2.95,2.2,3.4,2.8,2.2,3.3,2.75,2.3,3.6,3.14,2.21,3.47,2.87,2.4,3.75,3.1,1.62,2.25,1.65,2.38,1.6,2.21,1.71,2.38,-0.25,2.0,1.8,2.0,1.8,1.94,1.78,2.08,1.91
ALE,Bundesliga 2,D2,08/08/2026,12:00,Heidenheim,Osnabruck,4,3,H,3,2,H,,2.4,2.09,20,26,6,6,6,6,4,6,1,2,0,0,1.62,3.9,5.0,1.57,4.0,5.0,1.6,3.9,4.8,1.63,4.2,4.8,1.53,4.0,5.0,1.53,3.9,4.75,1.65,4.2,5.5,1.59,3.94,4.9,1.67,4.2,5.5,1.67,2.15,1.67,2.2,1.63,2.15,1.71,2.26,-1.0,2.05,1.75,2.05,1.8,2.01,1.73,2.14,1.77,1.65,3.9,5.0,1.6,4.0,4.6,1.62,4.0,4.8,1.68,4.0,4.75,1.6,3.8,4.75,1.6,3.75,4.6,1.68,4.2,5.33,1.63,3.87,4.75,1.72,4.2,5.4,1.67,2.15,1.67,2.25,1.63,2.14,1.73,2.32,-0.75,1.83,1.98,1.83,1.98,1.78,1.95,1.92,2.06
ALE,Bundesliga 2,D2,08/08/2026,12:00,Karlsruhe,Bielefeld,2,1,H,1,0,H,,1.53,1.17,24,11,7,5,15,12,6,6,2,1,0,0,2.7,3.6,2.45,2.5,3.75,2.38,2.55,3.6,2.38,2.65,3.75,2.4,2.5,3.7,2.3,2.45,3.5,2.3,2.7,3.8,2.45,2.55,3.66,2.36,2.74,3.8,2.5,1.57,2.35,1.57,2.55,1.52,2.39,1.62,2.46,0.0,2.0,1.8,2.0,1.8,1.94,1.79,2.06,1.87,3.0,3.6,2.2,2.6,3.75,2.3,2.88,3.7,2.2,2.8,3.6,2.3,2.8,3.5,2.15,2.75,3.4,2.15,3.0,3.8,2.38,2.75,3.61,2.24,3.05,3.95,2.34,1.57,2.35,1.57,2.5,1.52,2.38,1.63,2.56,0.25,1.85,1.95,1.85,1.95,1.81,1.92,1.93,2.04
ALE,Bundesliga 2,D2,08/08/2026,12:00,Magdeburg,Braunschweig,1,6,A,0,4,A,,1.24,3.43,10,24,3,13,14,9,5,5,4,1,1,0,1.75,3.8,4.33,1.73,3.75,4.0,1.73,3.75,4.1,1.77,4.0,4.1,1.73,3.8,4.0,1.7,3.6,3.8,1.77,4.0,4.33,1.73,3.76,4.05,1.77,3.95,4.3,1.67,2.15,1.67,2.25,1.61,2.18,1.68,2.26,-0.75,1.98,1.83,1.98,1.83,1.93,1.8,1.99,1.86,1.75,3.8,4.33,1.73,3.75,4.0,1.75,3.8,4.1,1.78,3.9,4.1,1.7,3.7,4.2,1.7,3.6,4.0,1.78,3.9,4.33,1.74,3.75,4.09,1.84,4.1,4.7,1.65,2.2,1.65,2.25,1.62,2.17,1.73,2.3,-0.75,2.0,1.8,2.0,1.8,1.95,1.77,2.06,1.91
ALE,Bundesliga 2,D2,08/08/2026,19:30,Wolfsburg,Kaiserslautern,0,0,D,0,0,D,,1.26,0.88,19,8,5,3,17,10,9,2,0,1,0,0,1.57,4.2,5.0,1.53,4.2,5.0,1.55,4.1,5.0,1.61,4.2,5.0,1.5,4.2,5.0,1.5,4.0,4.75,1.61,4.33,5.0,1.55,4.16,4.85,1.62,4.4,5.0,1.53,2.4,1.53,2.45,1.51,2.39,1.46,2.54,-1.0,1.98,1.83,1.98,1.83,1.93,1.8,2.02,1.86,1.57,4.33,5.0,1.53,4.33,5.0,1.57,4.33,4.8,1.58,4.33,5.0,1.57,4.0,4.5,1.55,3.9,4.5,1.58,4.5,5.0,1.55,4.25,4.77,1.67,4.6,5.4,1.44,2.7,1.45,2.88,1.42,2.67,1.5,2.96,-1.0,1.95,1.85,1.95,1.85,1.9,1.82,2.03,1.9
ALE,Bundesliga 2,D2,09/08/2026,12:30,Cottbus,Hannover,3,1,H,1,1,D,,1.41,2.71,12,27,4,10,11,11,2,6,0,2,0,0,3.25,3.5,2.1,3.0,3.75,2.05,3.1,3.6,2.05,3.2,3.7,2.1,3.0,3.7,2.0,2.9,3.5,2.0,3.25,3.8,2.15,3.06,3.6,2.05,3.3,3.9,2.14,1.6,2.3,1.6,2.4,1.53,2.34,1.59,2.44,0.25,1.98,1.83,1.98,1.83,1.93,1.8,2.06,1.87,3.1,3.5,2.15,2.88,3.75,2.1,3.1,3.75,2.05,3.0,3.6,2.2,3.0,3.5,2.1,2.9,3.4,2.05,3.1,3.75,2.2,2.97,3.59,2.11,3.25,3.9,2.26,1.53,2.4,1.55,2.5,1.52,2.37,1.6,2.62,0.25,1.95,1.85,1.95,1.9,1.9,1.83,2.0,1.97
ALE,Bundesliga 2,D2,09/08/2026,12:30,Nurnberg,Dresden,3,0,H,2,0,H,,2.15,1.22,16,9,7,1,6,11,5,5,0,2,0,0,2.25,3.3,3.1,2.1,3.6,3.0,2.2,3.5,2.9,2.25,3.6,2.95,2.1,3.6,2.9,2.1,3.5,2.8,2.25,3.6,3.1,2.16,3.49,2.93,2.32,3.6,3.05,1.7,2.1,1.7,2.2,1.64,2.13,1.67,2.16,-0.25,1.95,1.85,1.95,1.85,1.9,1.83,2.01,1.89,2.6,3.2,2.7,2.38,3.4,2.63,2.5,3.4,2.6,2.55,3.4,2.65,2.4,3.25,2.63,2.38,3.2,2.6,2.6,3.4,2.7,2.44,3.32,2.64,2.62,3.6,2.86,1.75,2.05,1.77,2.1,1.73,2.0,1.87,2.12,0.0,1.85,1.95,1.85,2.0,1.8,1.93,1.9,2.09
ALE,Bundesliga 2,D2,09/08/2026,12:30,St Pauli,Greuther Furth,1,1,D,0,0,D,,1.96,1.59,18,15,6,7,4,5,9,2,1,0,0,0,1.85,3.8,3.8,1.83,3.75,3.6,1.83,3.7,3.7,1.88,3.75,3.8,1.75,3.8,3.7,1.75,3.6,3.5,1.88,3.8,3.8,1.82,3.71,3.64,1.87,3.9,4.0,1.62,2.25,1.62,2.38,1.59,2.22,1.65,2.32,-0.5,1.83,1.98,1.83,1.98,1.8,1.9,1.87,2.02,1.62,4.0,4.75,1.67,3.75,4.33,1.62,4.0,4.8,1.68,4.1,4.75,1.57,3.8,4.5,1.57,3.8,4.33,1.7,4.1,4.8,1.63,3.91,4.52,1.7,4.4,5.3,1.6,2.3,1.62,2.3,1.58,2.23,1.7,2.4,-0.75,1.8,2.0,1.85,2.0,1.78,1.95,1.88,2.11
ALE,Bundesliga 2,D2,14/08/2026,17:30,Braunschweig,Bochum,0,1,A,0,1,A,,1.16,1.23,17,13,3,4,11,13,5,6,2,3,0,0,2.3,3.5,2.9,2.25,3.4,2.88,2.25,3.5,2.88,2.3,3.5,2.95,2.25,3.3,2.88,2.2,3.2,2.8,2.3,3.5,3.0,2.26,3.39,2.92,2.44,3.65,3.1,1.7,2.1,1.73,2.1,1.7,2.05,1.79,2.24,-0.25,2.0,1.8,2.0,1.8,1.95,1.78,2.1,1.87,2.5,3.6,2.55,2.5,3.5,2.5,2.5,3.6,2.55,2.5,3.5,2.65,2.45,3.3,2.6,2.45,3.2,2.5,2.55,3.6,2.65,2.48,3.44,2.57,2.7,3.6,2.82,1.62,2.25,1.67,2.25,1.63,2.16,1.74,2.3,0.0,1.88,1.93,1.88,1.93,1.84,1.88,1.95,2.02
ALE,Bundesliga 2,D2,14/08/2026,17:30,Holstein Kiel,St Pauli,2,2,D,0,2,A,,2.09,2.56,19,13,6,6,14,19,5,5,3,3,0,0,2.4,3.4,2.8,2.38,3.4,2.63,2.4,3.5,2.7,2.4,3.4,2.8,2.3,3.3,2.75,2.3,3.2,2.7,2.45,3.6,2.8,2.37,3.38,2.73,2.52,3.65,2.96,1.75,2.05,1.78,2.05,1.73,1.99,1.81,2.18,0.0,1.8,2.0,1.8,2.0,1.76,1.97,1.82,2.16,2.63,3.5,2.55,2.5,3.5,2.5,2.6,3.5,2.45,2.6,3.5,2.55,2.5,3.3,2.45,2.5,3.25,2.45,2.65,3.55,2.55,2.56,3.43,2.49,2.8,3.7,2.68,1.7,2.1,1.7,2.2,1.67,2.08,1.77,2.28,0.0,1.95,1.85,1.95,1.85,1.89,1.82,2.04,1.95
ALE,Bundesliga 2,D2,15/08/2026,12:00,Greuther Furth,Nurnberg,2,4,A,2,2,D,,2.75,1.48,14,15,6,9,9,15,5,3,1,4,0,0,3.1,3.5,2.2,2.88,3.5,2.2,2.88,3.5,2.2,2.95,3.6,2.25,2.88,3.5,2.15,2.8,3.4,2.15,3.1,3.6,2.25,2.9,3.5,2.2,3.1,3.7,2.28,1.67,2.15,1.67,2.2,1.64,2.13,1.64,2.24,0.25,1.85,1.95,1.85,1.95,1.81,1.91,1.91,1.99,3.1,3.5,2.2,2.88,3.5,2.2,3.0,3.6,2.15,3.1,3.6,2.2,2.88,3.4,2.1,2.88,3.3,2.1,3.1,3.6,2.25,2.97,3.51,2.16,3.2,3.75,2.34,1.62,2.25,1.67,2.25,1.62,2.18,1.7,2.38,0.25,1.93,1.88,1.93,1.91,1.87,1.86,1.95,2.03
ALE,Bundesliga 2,D2,15/08/2026,12:00,Hertha,Heidenheim,4,1,H,3,0,H,,2.05,1.24,19,11,9,3,12,17,5,3,1,2,1,0,2.2,3.5,3.1,2.15,3.6,2.88,2.25,3.5,2.8,2.3,3.6,2.9,2.15,3.6,2.8,2.15,3.5,2.75,2.3,3.6,3.1,2.22,3.51,2.87,2.34,3.8,2.98,1.65,2.2,1.65,2.25,1.62,2.18,1.69,2.3,-0.25,1.98,1.83,1.98,1.85,1.93,1.8,2.04,1.87,2.7,3.5,2.45,2.6,3.6,2.38,2.6,3.7,2.4,2.5,3.75,2.55,2.6,3.4,2.38,2.5,3.3,2.38,2.7,3.75,3.0,2.52,3.56,2.46,2.8,3.8,2.6,1.53,2.4,1.62,2.5,1.52,2.38,1.61,2.58,0.0,1.98,1.83,1.98,2.15,1.87,1.87,2.07,1.91
ALE,Bundesliga 2,D2,15/08/2026,12:00,Osnabruck,Magdeburg,0,3,A,0,2,A,,0.97,1.72,11,19,4,6,12,11,3,10,1,1,0,0,2.55,3.5,2.6,2.5,3.6,2.4,2.5,3.6,2.45,2.45,3.7,2.6,2.45,3.7,2.45,2.4,3.5,2.4,2.55,3.75,2.6,2.47,3.58,2.48,2.68,4.0,2.64,1.57,2.35,1.58,2.4,1.53,2.35,1.61,2.48,0.0,1.88,1.93,1.88,1.93,1.85,1.86,2.01,1.98,2.45,3.5,2.7,2.38,3.6,2.6,2.4,3.7,2.6,2.45,3.75,2.6,2.38,3.5,2.5,2.3,3.4,2.5,2.55,3.75,2.7,2.39,3.57,2.57,2.56,3.9,2.8,1.57,2.35,1.58,2.5,1.53,2.37,1.62,2.58,0.0,1.8,2.0,1.85,2.0,1.79,1.93,1.9,2.09
ALE,Bundesliga 2,D2,15/08/2026,19:30,Kaiserslautern,Karlsruhe,0,0,D,0,0,D,,1.06,0.75,11,13,3,8,12,19,4,11,3,3,0,0,1.85,3.9,3.75,1.83,3.75,3.5,1.83,3.8,3.6,1.8,3.6,3.4,1.8,3.8,3.5,1.8,3.75,3.4,1.9,4.0,3.75,1.84,3.83,3.54,1.94,4.2,3.75,1.53,2.4,1.55,2.55,1.5,2.46,1.56,2.62,-0.5,1.88,1.93,1.88,1.93,1.83,1.89,1.94,2.0,2.0,3.75,3.4,1.95,3.75,3.2,1.95,3.75,3.3,1.9,3.5,3.2,1.95,3.6,3.2,1.95,3.5,3.1,2.0,3.8,3.4,1.96,3.69,3.29,2.12,4.0,3.5,1.57,2.35,1.58,2.6,1.53,2.37,1.6,2.64,-0.5,2.0,1.8,2.0,1.8,1.92,1.78,2.12,1.88
ALE,Bundesliga 2,D2,16/08/2026,12:30,Bielefeld,Cottbus,3,0,H,2,0,H,,3.57,0.56,17,10,5,0,12,18,7,10,2,2,0,0,1.7,4.0,4.5,1.73,3.75,4.0,1.67,3.9,4.2,1.75,3.9,4.33,1.7,4.0,4.0,1.67,3.75,3.8,1.75,4.0,4.5,1.7,3.9,4.17,1.7,4.2,4.6,1.57,2.35,1.58,2.4,1.53,2.35,1.51,2.4,-0.75,1.9,1.9,1.91,1.9,1.87,1.85,,,1.55,4.33,5.5,1.53,4.2,5.0,1.53,4.33,5.25,1.6,4.33,5.0,1.53,4.0,5.0,1.53,3.9,4.8,1.6,4.33,5.5,1.55,4.2,4.96,1.65,4.5,5.7,1.48,2.6,1.53,2.6,1.48,2.48,1.56,2.74,-1.0,1.88,1.93,1.95,1.93,1.88,1.84,2.01,1.94
ALE,Bundesliga 2,D2,16/08/2026,12:30,Dresden,Darmstadt,1,0,H,1,0,H,,0.64,0.38,12,10,6,1,12,12,7,5,1,3,0,1,2.05,3.7,3.3,2.05,3.6,3.1,2.05,3.6,3.13,2.15,3.6,3.2,2.0,3.7,3.0,2.0,3.5,2.9,2.15,3.8,3.3,2.05,3.63,3.13,2.18,3.95,3.3,1.6,2.3,1.6,2.38,1.57,2.27,1.62,2.42,-0.25,1.8,2.0,1.83,2.0,1.79,1.94,,,2.0,3.6,3.5,1.95,3.6,3.3,2.0,3.7,3.3,2.0,3.7,3.4,1.91,3.5,3.4,1.91,3.4,3.3,2.0,3.7,3.5,1.97,3.61,3.38,2.08,3.8,3.75,1.62,2.25,1.65,2.3,1.59,2.24,1.69,2.4,-0.5,2.0,1.8,2.0,1.8,1.93,1.78,2.08,1.91
ALE,Bundesliga 2,D2,16/08/2026,12:30,Hannover,Wolfsburg,0,1,A,0,0,D,,1.31,1.71,14,18,2,7,9,9,8,6,1,2,0,0,2.5,3.5,2.63,2.3,3.6,2.63,2.38,3.5,2.6,2.4,3.6,2.7,2.3,3.6,2.6,2.3,3.5,2.5,2.5,3.6,2.7,2.37,3.55,2.62,2.46,3.8,2.74,1.62,2.25,1.62,2.38,1.57,2.26,1.63,2.32,0.0,1.83,1.98,1.83,1.98,1.79,1.94,,,2.2,3.7,2.9,2.2,3.75,2.75,2.2,3.8,2.8,2.15,3.75,3.0,2.2,3.6,2.7,2.1,3.5,2.8,2.3,3.8,3.0,2.19,3.67,2.85,2.26,4.0,3.2,1.44,2.7,1.52,2.7,1.46,2.56,1.54,2.8,-0.25,1.95,1.85,1.95,1.85,1.91,1.81,1.96,2.0
ESP,La Liga 1,SP1,15/08/2026,18:30,Alaves,Getafe,3,0,H,0,0,D,,1.93,0.24,18,6,8,2,16,13,5,3,4,3,0,1,2.35,2.8,3.75,2.38,2.8,3.6,2.3,2.88,3.6,2.3,2.9,3.5,2.3,2.75,3.75,2.3,2.75,3.75,2.4,2.9,3.8,2.33,2.82,3.62,2.42,2.92,4.0,3.2,1.36,3.2,1.4,3.08,1.35,3.4,1.4,-0.25,1.98,1.88,1.98,1.88,1.92,1.83,2.0,1.96,2.35,2.7,3.8,2.3,2.8,3.75,2.38,2.8,3.6,2.25,2.75,3.9,2.25,2.7,3.8,2.25,2.8,3.8,2.4,2.88,4.0,2.32,2.76,3.75,2.38,2.88,4.2,3.75,1.29,3.75,1.4,3.32,1.32,3.6,1.37,-0.25,1.98,1.88,1.98,1.9,1.91,1.83,1.96,2.01
ESP,La Liga 1,SP1,15/08/2026,20:30,Sevilla,Vallecano,2,1,H,0,1,A,,2.19,1.89,13,6,4,3,18,18,1,2,4,4,1,0,2.3,3.1,3.4,2.3,3.25,3.2,2.3,3.2,3.25,2.25,3.2,3.25,2.3,3.0,3.3,2.3,3.0,3.3,2.38,3.25,3.4,2.29,3.17,3.26,2.42,3.25,3.5,2.3,1.62,2.3,1.64,2.24,1.61,2.38,1.7,-0.25,1.98,1.88,1.98,1.88,1.92,1.83,2.04,1.92,2.4,2.9,3.4,2.5,2.88,3.2,2.4,3.1,3.2,2.45,2.95,3.25,2.5,2.8,3.2,2.5,2.88,3.2,2.66,3.1,3.4,2.49,2.92,3.19,2.66,3.05,3.3,2.75,1.44,2.75,1.54,2.53,1.5,2.74,1.57,0.0,1.6,2.3,1.73,2.3,1.65,2.15,1.84,2.18
ESP,La Liga 1,SP1,16/08/2026,16:00,Santander,Villarreal,2,2,D,2,2,D,,1.87,0.66,17,12,3,7,14,14,6,10,2,4,0,0,3.2,3.6,2.15,3.2,3.6,2.15,3.1,3.4,2.1,3.1,3.5,2.2,3.1,3.4,2.15,3.1,3.4,2.2,3.25,3.6,2.25,3.14,3.5,2.16,3.4,3.6,2.28,1.8,2.0,1.8,2.05,1.77,1.98,1.84,2.16,0.25,1.98,1.88,1.98,1.88,1.9,1.84,1.99,1.96,3.9,3.75,1.9,3.5,4.0,1.95,3.75,3.7,1.93,3.6,3.8,1.9,3.7,3.6,1.91,3.75,3.75,1.91,3.9,4.0,2.0,3.69,3.77,1.92,3.9,3.85,2.04,1.57,2.38,1.6,2.63,1.52,2.47,1.58,2.68,0.5,1.93,1.93,1.93,1.93,1.86,1.88,,
ESP,La Liga 1,SP1,16/08/2026,18:00,Espanol,Levante,3,0,H,2,0,H,,1.56,0.28,16,4,6,0,17,7,0,1,3,0,0,0,2.0,3.25,4.0,2.1,3.3,3.6,2.0,3.2,3.6,2.1,3.25,3.6,2.05,3.25,3.6,2.05,3.25,3.6,2.1,3.35,4.0,2.06,3.25,3.68,2.14,3.3,4.0,2.2,1.67,2.2,1.67,2.18,1.64,2.34,1.7,-0.25,1.7,2.1,1.78,2.1,1.72,2.03,1.82,2.16,2.1,3.2,3.8,2.1,3.3,3.6,2.1,3.2,3.8,2.1,3.25,3.6,2.05,3.2,3.75,2.05,3.3,3.75,2.16,3.3,3.8,2.1,3.23,3.71,2.18,3.4,4.0,2.2,1.67,2.2,1.73,2.13,1.68,2.24,1.79,-0.5,2.08,1.73,2.08,1.73,2.04,1.71,2.18,1.83
ESP,La Liga 1,SP1,17/08/2026,20:00,Dep. A Coruna,Elche,1,1,D,1,0,H,,0.34,1.41,8,11,3,6,17,12,2,6,2,2,0,0,2.3,3.0,3.5,2.3,3.1,3.3,2.25,3.0,3.1,2.37,3.1,3.1,2.25,2.9,3.4,2.3,2.9,3.4,2.38,3.1,3.5,2.31,3.01,3.28,2.42,3.1,3.6,2.3,1.62,2.3,1.62,2.27,1.59,2.44,1.65,-0.25,2.03,1.83,2.03,1.83,1.94,1.8,2.03,1.93,2.15,3.2,3.6,2.25,3.2,3.4,2.15,3.25,3.5,2.2,3.1,3.7,2.15,3.0,3.7,2.15,3.1,3.7,2.26,3.25,3.7,2.19,3.15,3.53,2.28,3.2,3.95,2.3,1.62,2.3,1.67,2.25,1.61,2.4,1.7,-0.25,2.03,1.83,2.03,1.93,1.86,1.89,1.92,2.07
ESP,La Liga 2,SP2,14/08/2026,19:30,Sociedad B,Castellon,0,1,A,0,1,A,,0.22,1.45,4,13,1,5,22,21,5,8,2,4,0,0,4.1,3.9,1.76,3.6,3.75,1.83,3.7,3.7,1.8,3.6,3.6,1.83,3.7,3.7,1.8,3.6,3.6,1.8,4.1,4.0,1.85,3.69,3.73,1.81,4.0,4.0,1.92,1.67,2.15,1.67,2.3,1.62,2.19,1.7,2.34,0.5,2.03,1.78,2.03,1.83,1.92,1.79,2.05,1.92,4.5,3.9,1.68,4.0,3.75,1.73,4.2,3.75,1.7,4.0,3.75,1.73,4.2,3.75,1.67,3.8,3.5,1.73,4.5,4.0,1.8,4.1,3.77,1.72,4.6,4.1,1.82,1.67,2.15,1.67,2.3,1.62,2.18,1.73,2.34,0.75,1.9,1.9,1.9,1.98,1.82,1.91,1.91,2.06
ESP,La Liga 2,SP2,15/08/2026,16:00,Andorra,Ceuta,5,1,H,1,0,H,,4.26,1.3,25,5,11,1,22,8,2,2,3,1,0,0,1.68,3.7,4.75,1.67,3.75,4.5,1.67,3.7,4.5,1.68,3.7,4.33,1.62,3.75,4.5,1.62,3.6,4.33,1.73,3.9,4.75,1.67,3.72,4.4,1.75,3.9,4.8,1.8,2.0,1.8,2.0,1.75,1.98,1.86,2.04,-0.75,1.93,1.88,1.93,1.88,1.88,1.85,1.98,1.92,1.51,4.0,5.75,1.53,4.0,5.5,1.53,3.8,5.5,1.53,4.1,5.25,1.53,3.75,5.0,1.53,3.6,5.0,1.58,4.1,5.75,1.55,3.89,5.39,1.65,4.2,6.0,1.8,2.0,1.8,2.0,1.76,1.97,1.9,2.08,-1.0,1.95,1.85,1.98,1.85,1.94,1.79,2.1,1.88
ESP,La Liga 2,SP2,15/08/2026,18:00,Cadiz,Celta B,0,0,D,0,0,D,,1.91,0.44,17,5,3,5,14,21,6,2,4,3,0,0,1.96,3.5,3.6,1.95,3.3,3.6,1.95,3.4,3.5,2.0,3.25,3.5,1.9,3.3,3.6,1.85,3.25,3.5,2.05,3.5,3.75,1.96,3.32,3.55,2.06,3.5,3.9,1.98,1.83,1.98,1.83,1.92,1.8,1.92,1.78,-0.5,2.0,1.8,2.0,1.8,1.95,1.76,2.06,1.86,2.1,3.5,3.25,2.05,3.4,3.2,2.1,3.3,3.2,2.1,3.25,3.2,2.05,3.1,3.2,2.05,3.1,3.2,2.12,3.5,3.5,2.08,3.31,3.25,2.24,3.5,3.55,1.9,1.9,1.9,1.91,1.86,1.86,2.0,1.98,-0.25,1.85,1.95,1.85,2.0,1.8,1.93,1.92,2.04
ESP,La Liga 2,SP2,15/08/2026,18:00,Oviedo,Granada,0,0,D,0,0,D,,0.41,0.36,9,10,3,3,17,13,3,2,2,2,0,0,1.68,3.5,5.0,1.7,3.6,4.5,1.7,3.5,4.6,1.71,3.6,4.33,1.67,3.6,4.5,1.67,3.5,4.33,1.75,3.8,5.0,1.7,3.57,4.47,1.75,3.75,5.2,2.0,1.8,2.0,1.83,1.93,1.79,2.06,1.83,-0.75,1.95,1.85,1.95,1.85,1.91,1.81,1.99,1.9,1.96,2.85,4.5,1.95,3.1,4.0,1.95,3.0,4.0,2.0,3.0,3.75,1.91,2.9,4.0,1.95,2.9,3.8,2.08,3.14,4.5,1.97,3.02,3.96,2.08,3.25,4.5,2.7,1.44,2.7,1.53,2.47,1.49,2.72,1.57,-0.5,2.0,1.8,2.0,1.8,1.94,1.76,2.1,1.88
ESP,La Liga 2,SP2,15/08/2026,20:30,Mallorca,Valladolid,2,0,H,0,0,D,,0.51,1.01,7,12,3,1,14,12,3,3,2,2,0,0,1.66,3.5,5.25,1.67,3.6,4.6,1.65,3.6,4.75,1.68,3.5,4.6,1.65,3.6,4.5,1.67,3.5,4.33,1.73,3.65,5.25,1.67,3.55,4.77,1.72,3.7,5.5,1.95,1.85,2.0,1.88,1.91,1.82,2.0,1.87,-0.75,1.9,1.9,1.93,1.9,1.86,1.86,1.94,1.96,1.66,3.5,5.25,1.7,3.6,4.5,,,,1.68,3.5,4.6,1.62,3.5,5.0,1.62,3.4,4.75,1.74,3.65,5.25,1.67,3.55,4.78,,,,1.95,1.85,1.95,1.85,1.92,1.82,,,-0.75,1.9,1.9,1.93,1.9,1.88,1.85,,
ESP,La Liga 2,SP2,16/08/2026,16:00,Eibar,Tenerife,1,3,A,1,2,A,,0.96,0.55,16,7,5,4,12,14,7,3,0,1,0,0,1.86,3.3,4.2,1.9,3.25,4.0,1.9,3.2,3.9,1.9,3.2,3.9,1.85,3.25,3.8,1.83,3.1,3.75,1.95,3.3,4.2,1.89,3.21,3.97,1.96,3.1,4.2,2.25,1.62,2.25,1.62,2.24,1.59,2.12,1.52,-0.5,1.95,1.85,1.95,1.9,1.88,1.83,,,1.79,3.4,4.5,1.83,3.25,4.2,1.8,3.25,4.33,1.82,3.25,4.2,1.75,3.1,4.33,1.8,3.1,4.2,1.88,3.4,4.5,1.81,3.26,4.29,1.9,3.45,5.0,2.3,1.6,2.3,1.67,2.22,1.6,2.4,1.7,-0.5,1.83,1.98,1.84,1.98,1.8,1.91,1.9,2.07
ESP,La Liga 2,SP2,16/08/2026,18:00,Burgos,Cordoba,3,2,H,2,2,D,,2.21,1.96,13,20,5,8,14,11,1,7,1,3,0,0,2.35,3.2,3.0,2.4,3.2,2.8,2.38,3.1,2.88,2.3,3.1,2.9,2.38,3.1,2.75,2.38,3.1,2.7,2.45,3.2,3.0,2.38,3.11,2.87,2.52,2.98,3.1,2.25,1.62,2.25,1.65,2.2,1.62,2.28,1.25,-0.25,2.05,1.75,2.05,1.75,2.02,1.73,,,2.2,3.25,3.2,2.25,3.2,3.0,2.2,3.13,3.13,2.2,3.1,3.1,2.15,3.0,3.1,2.15,2.9,3.1,2.25,3.25,3.25,2.22,3.1,3.13,2.4,3.3,3.45,2.15,1.67,2.2,1.7,2.12,1.65,2.3,1.75,-0.25,1.98,1.83,1.98,1.85,1.9,1.83,2.03,1.93
ESP,La Liga 2,SP2,16/08/2026,18:00,Girona,Leganes,1,1,D,0,0,D,,2.09,0.58,27,5,7,3,6,16,9,0,2,3,0,0,1.57,3.5,6.25,1.62,3.6,5.0,1.6,3.6,5.25,1.6,3.6,5.25,1.57,3.6,5.0,1.57,3.5,4.8,1.65,3.75,6.25,1.6,3.61,5.23,1.65,2.14,5.3,2.1,1.7,2.1,1.8,2.03,1.72,2.04,1.63,-0.75,1.8,2.0,1.8,2.0,1.78,1.95,,,1.49,3.75,7.0,1.53,4.0,5.5,1.53,3.7,5.75,1.53,3.9,5.5,1.5,3.8,5.5,1.53,3.6,5.5,1.57,4.0,7.0,1.53,3.81,5.7,1.63,4.1,6.6,2.05,1.75,2.05,1.9,1.92,1.8,2.0,1.96,-1.0,1.95,1.85,1.95,1.85,1.94,1.79,2.1,1.88
ESP,La Liga 2,SP2,16/08/2026,20:30,Las Palmas,Albacete,2,1,H,1,0,H,,1.48,1.19,12,12,4,4,6,16,3,6,1,2,0,0,1.57,3.8,5.5,1.62,3.75,5.0,1.62,3.6,5.0,1.66,3.6,4.75,1.6,3.75,4.75,1.6,3.6,4.6,1.67,3.8,5.5,1.63,3.67,4.95,1.44,3.1,5.2,1.95,1.85,1.95,1.88,1.88,1.83,1.94,1.25,-0.75,1.83,1.98,1.84,1.98,1.81,1.92,,,2.01,3.4,3.6,1.95,3.4,3.5,1.95,3.3,3.5,1.95,3.3,3.6,1.91,3.1,3.7,1.91,3.1,3.6,2.01,3.5,3.9,1.94,3.31,3.64,2.04,3.55,4.2,2.0,1.8,2.0,1.83,1.92,1.8,2.06,1.92,-0.5,2.03,1.78,2.03,1.9,1.91,1.79,2.04,1.92
ESP,La Liga 2,SP2,17/08/2026,18:00,Sp Gijon,Sabadell,0,0,D,0,0,D,,0.37,1.78,8,15,5,2,7,20,1,8,1,3,0,0,1.71,3.4,5.0,1.8,3.3,4.33,1.8,3.3,4.4,1.78,3.25,4.33,1.75,3.3,4.4,1.73,3.1,4.0,1.8,3.4,5.0,1.78,3.3,4.42,1.53,2.04,1.73,2.25,1.62,2.25,1.65,2.18,1.63,1.1,1.25,-0.5,1.78,2.03,1.78,2.03,1.76,1.96,,,2.1,3.1,3.6,2.0,3.2,3.6,2.1,3.1,3.4,2.05,3.1,3.5,1.91,3.0,3.8,1.91,3.0,3.75,2.12,3.2,3.9,2.04,3.06,3.63,2.2,3.2,4.1,2.35,1.57,2.35,1.62,2.23,1.59,2.42,1.69,-0.25,1.85,1.95,1.85,2.1,1.76,1.97,1.86,2.12
ESP,La Liga 2,SP2,17/08/2026,20:30,Almeria,Eldense,3,0,H,3,0,H,,2.52,0.63,15,11,5,3,7,12,7,8,1,3,0,0,1.3,4.75,10.0,1.29,5.0,9.0,1.29,4.8,9.0,1.32,4.8,8.25,1.25,5.0,8.5,1.25,4.6,7.0,1.33,5.5,10.0,1.29,4.9,8.44,1.32,5.1,10.5,1.67,2.15,1.67,2.2,1.63,2.17,1.56,2.28,-1.5,1.95,1.85,1.95,1.85,1.89,1.82,,,1.42,4.5,6.5,1.4,4.33,6.5,1.44,4.4,6.0,1.46,4.4,5.75,1.36,4.33,6.5,1.4,4.2,6.0,1.46,4.75,6.5,1.43,4.44,6.09,1.49,4.9,7.6,1.57,2.35,1.6,2.4,1.56,2.28,1.66,2.5,-1.25,2.0,1.8,2.0,1.8,1.94,1.78,2.07,1.9
FRA,Division 2,F2,08/08/2026,19:45,Boulogne,Nancy,0,0,D,0,0,D,,0.2,0.6,4,12,1,2,20,11,1,6,1,0,0,0,2.4,3.2,2.75,2.38,3.25,2.75,2.45,3.2,2.75,2.45,3.25,2.75,2.3,3.3,2.8,2.3,3.1,2.7,2.5,3.3,2.8,2.41,3.2,2.74,2.62,3.5,2.88,2.1,1.7,2.1,1.73,2.05,1.69,2.12,1.77,0.0,1.8,2.0,1.8,2.0,1.77,1.97,1.87,2.05,2.5,3.1,2.7,2.5,3.1,2.75,2.6,3.1,2.75,2.6,3.1,2.7,2.6,2.88,2.7,2.5,2.8,2.63,2.63,3.2,2.75,2.55,3.05,2.71,2.84,3.15,2.96,2.25,1.62,2.25,1.67,2.18,1.62,2.4,1.68,0.0,1.85,1.95,1.85,1.95,1.8,1.92,1.94,2.03
FRA,Division 2,F2,08/08/2026,19:45,Clermont,Reims,0,0,D,0,0,D,,0.3,0.78,3,9,0,0,17,11,3,2,1,1,0,0,3.6,3.4,1.95,3.6,3.3,1.95,3.75,3.3,1.95,3.75,3.3,1.98,3.6,3.3,1.95,3.5,3.25,1.91,3.8,3.4,1.98,3.65,3.3,1.94,4.1,3.3,2.0,2.1,1.7,2.1,1.73,2.03,1.7,2.12,1.72,0.5,1.83,1.98,1.83,1.98,1.79,1.91,1.89,2.0,3.5,3.3,1.95,3.75,3.4,1.9,3.75,3.3,2.0,3.8,3.3,1.98,3.8,3.3,1.85,3.6,3.25,1.83,4.0,3.4,2.0,3.75,3.29,1.92,4.2,3.4,2.06,2.1,1.7,2.1,1.73,2.04,1.69,2.24,1.78,0.5,1.8,2.0,1.9,2.0,1.8,1.9,1.9,2.06
FRA,Division 2,F2,08/08/2026,19:45,Dunkerque,Grenoble,4,2,H,1,1,D,,2.15,0.56,17,9,6,2,18,9,10,2,2,3,0,0,1.9,3.4,3.7,1.95,3.3,3.6,1.95,3.4,3.6,2.0,3.4,3.6,1.95,3.3,3.5,1.91,3.25,3.4,2.0,3.5,3.95,1.95,3.33,3.58,2.0,3.4,3.85,1.98,1.83,1.98,1.85,1.92,1.79,1.98,1.87,-0.5,2.0,1.8,2.0,1.85,1.93,1.79,2.0,1.86,1.9,3.4,3.7,1.95,3.3,3.6,2.0,3.4,3.6,2.0,3.3,3.6,1.91,3.3,3.5,1.91,3.25,3.4,2.0,3.45,3.95,1.96,3.32,3.58,2.1,3.45,3.95,2.0,1.8,2.0,1.83,1.92,1.79,2.08,1.89,-0.5,2.03,1.78,2.03,1.85,1.93,1.78,2.1,1.86
FRA,Division 2,F2,08/08/2026,19:45,Metz,Guingamp,2,1,H,0,0,D,,2.07,1.04,15,12,7,7,16,10,5,3,2,1,0,0,2.0,3.4,3.3,2.05,3.3,3.4,2.05,3.4,3.3,2.05,3.4,3.4,2.0,3.4,3.4,1.95,3.25,3.25,2.1,3.45,3.4,2.03,3.34,3.32,1.96,2.74,3.1,1.98,1.83,1.98,1.83,1.91,1.8,1.96,1.72,-0.25,1.8,2.0,1.8,2.0,1.78,1.95,1.69,1.96,2.0,3.4,3.3,1.95,3.3,3.6,2.0,3.4,3.7,2.0,3.3,3.6,1.95,3.3,3.5,1.91,3.25,3.4,2.0,3.45,3.7,1.96,3.33,3.54,2.1,3.65,3.85,1.95,1.85,1.95,1.85,1.91,1.8,2.0,1.98,-0.5,2.0,1.8,2.0,1.81,1.93,1.78,2.1,1.88
FRA,Division 2,F2,08/08/2026,19:45,Montpellier,Dijon,1,1,D,0,0,D,,1.84,1.53,27,12,6,4,20,17,4,0,3,3,0,0,1.85,3.25,4.0,1.91,3.3,3.75,1.9,3.3,3.9,1.95,3.3,3.8,1.91,3.3,3.8,1.85,3.1,3.6,1.95,3.6,4.1,1.91,3.29,3.78,1.98,3.35,4.2,2.1,1.7,2.1,1.7,2.08,1.67,2.18,1.75,-0.5,1.9,1.9,1.91,1.9,1.89,1.82,1.98,1.92,1.83,3.3,4.0,1.83,3.4,4.0,1.83,3.5,4.2,1.88,3.4,4.0,1.85,3.3,3.8,1.83,3.25,3.75,1.9,3.5,4.2,1.85,3.35,3.95,1.95,3.65,4.4,2.05,1.75,2.1,1.75,2.0,1.73,2.06,1.89,-0.5,1.85,1.95,1.9,1.95,1.83,1.87,1.95,2.01
FRA,Division 2,F2,08/08/2026,19:45,Nantes,Red Star,0,1,A,0,0,D,,0.58,0.89,10,13,2,3,13,13,4,8,2,3,0,0,1.85,3.3,4.0,1.83,3.4,4.0,1.85,3.4,4.0,1.87,3.4,4.1,1.85,3.4,4.0,1.83,3.25,3.75,1.9,3.5,4.1,1.85,3.35,3.98,1.95,3.45,4.4,2.05,1.75,2.05,1.78,1.99,1.74,2.06,1.81,-0.5,1.88,1.93,1.9,1.93,1.83,1.88,1.95,1.96,1.67,3.5,4.75,1.73,3.5,4.33,1.7,3.7,4.8,1.75,3.5,4.6,1.7,3.5,4.33,1.7,3.4,4.2,1.75,3.7,5.2,1.71,3.5,4.56,1.82,3.8,5.1,1.98,1.83,2.0,1.83,1.94,1.77,2.02,1.94,-0.75,1.9,1.9,1.9,1.9,1.87,1.86,2.06,1.91
FRA,Division 2,F2,08/08/2026,19:45,Pau FC,Annecy,0,1,A,0,1,A,,0.92,0.64,17,9,2,3,12,10,6,4,3,0,0,1,2.5,3.4,2.5,2.5,3.3,2.6,2.55,3.3,2.55,2.55,3.4,2.55,2.5,3.4,2.5,2.45,3.25,2.45,2.55,3.45,2.6,2.51,3.33,2.54,2.64,3.45,2.64,1.85,1.95,1.85,1.95,1.8,1.91,1.74,2.0,0.0,1.93,1.88,1.93,1.88,1.86,1.85,1.93,1.9,2.55,3.25,2.55,2.5,3.2,2.6,2.63,3.3,2.6,2.65,3.2,2.6,2.6,3.0,2.6,2.6,3.0,2.5,2.66,3.3,2.63,2.59,3.18,2.57,2.84,3.35,2.82,2.08,1.73,2.08,1.85,1.93,1.78,2.12,1.86,0.0,1.93,1.88,1.93,1.88,1.88,1.84,1.99,1.97
FRA,Division 2,F2,08/08/2026,19:45,Rodez,Laval,3,1,H,0,0,D,,2.3,0.65,20,6,9,1,13,5,8,4,1,1,0,1,1.95,3.3,3.5,2.0,3.4,3.4,2.0,3.4,3.4,2.0,3.3,3.6,2.0,3.4,3.4,1.95,3.25,3.3,2.02,3.5,3.6,1.99,3.34,3.44,2.06,3.15,3.5,1.95,1.85,1.95,1.88,1.88,1.82,1.94,1.82,-0.5,2.0,1.8,2.0,1.8,1.97,1.75,2.08,1.81,2.05,3.3,3.3,2.05,3.3,3.3,2.1,3.4,3.3,2.15,3.3,3.3,2.0,3.3,3.25,2.0,3.25,3.1,2.15,3.4,3.6,2.05,3.32,3.3,2.2,3.6,3.55,1.9,1.9,1.95,1.9,1.89,1.83,1.94,2.0,-0.25,1.8,2.0,1.8,2.0,1.78,1.95,1.9,2.07
FRA,Division 2,F2,08/08/2026,19:45,Sochaux,St Etienne,0,3,A,0,3,A,,0.68,2.2,14,14,2,7,14,10,6,1,0,1,0,0,3.6,3.4,1.91,3.4,3.4,2.0,3.4,3.3,2.05,3.5,3.4,2.05,3.4,3.4,2.0,3.3,3.25,1.95,3.6,3.45,2.05,3.43,3.32,2.0,3.75,3.3,2.1,2.05,1.75,2.05,1.77,2.0,1.73,2.04,1.64,0.5,1.75,2.05,1.8,2.05,1.74,1.98,1.8,2.1,3.4,3.5,1.95,3.5,3.4,1.95,3.75,3.4,1.95,3.8,3.4,1.95,3.6,3.3,1.91,3.5,3.25,1.91,4.0,3.6,1.95,3.66,3.39,1.92,4.0,3.6,2.04,1.98,1.83,1.98,1.83,1.92,1.8,2.04,1.92,0.5,1.8,2.0,1.9,2.0,1.82,1.89,1.92,2.05
FRA,Division 2,F2,14/08/2026,19:45,Annecy,Rodez,2,0,H,1,0,H,,2.16,0.96,12,11,6,3,15,12,8,7,2,0,0,0,2.15,3.4,3.25,2.15,3.4,3.0,2.15,3.4,3.2,2.15,3.3,3.2,2.1,3.4,3.0,2.1,3.3,2.9,2.2,3.4,3.25,2.15,3.36,3.14,2.3,3.5,3.45,1.85,1.95,1.85,1.95,1.81,1.92,1.92,2.02,-0.25,1.88,1.93,1.9,1.93,1.84,1.88,1.97,1.99,2.55,3.25,2.75,2.4,3.3,2.75,2.45,3.4,2.7,2.5,3.3,2.7,2.4,3.3,2.63,2.4,3.1,2.6,2.55,3.4,2.83,2.43,3.27,2.71,2.62,3.6,2.88,1.9,1.9,1.9,1.95,1.84,1.88,1.98,1.99,0.0,1.83,1.98,1.83,2.0,1.78,1.96,1.91,2.08
FRA,Division 2,F2,14/08/2026,19:45,Dijon,Pau FC,0,1,A,0,0,D,,0.93,1.03,16,6,9,3,11,17,6,2,0,2,0,0,2.2,3.1,3.2,2.25,3.2,3.0,2.2,3.25,3.2,2.3,3.2,3.1,2.15,3.2,3.2,2.15,3.1,3.1,2.3,3.3,3.2,2.21,3.2,3.13,2.36,3.4,3.3,2.08,1.73,2.1,1.73,2.08,1.68,2.22,1.79,-0.25,1.93,1.88,1.93,1.88,1.89,1.84,2.02,1.93,1.95,3.3,3.75,1.95,3.3,3.6,1.95,3.4,3.8,2.05,3.25,3.5,1.91,3.3,3.5,1.91,3.2,3.4,2.05,3.5,3.8,1.97,3.32,3.6,2.08,3.65,3.9,2.05,1.75,2.05,1.75,2.0,1.73,2.14,1.84,-0.5,1.95,1.85,2.0,1.85,1.95,1.77,2.1,1.88
FRA,Division 2,F2,14/08/2026,19:45,Grenoble,Metz,0,0,D,0,0,D,,0.7,0.74,9,9,2,1,12,15,1,5,2,2,0,0,3.7,3.2,1.95,3.4,3.4,2.0,3.6,3.4,2.0,3.8,3.25,2.0,3.4,3.4,2.0,3.3,3.25,1.95,3.8,3.5,2.0,3.56,3.31,1.98,3.75,3.6,2.1,2.03,1.78,2.03,1.83,1.96,1.76,2.06,1.89,0.5,1.75,2.05,1.8,2.05,1.76,1.96,1.84,2.1,3.1,3.0,2.3,3.0,3.2,2.25,3.0,3.13,2.4,3.0,3.1,2.35,2.88,3.2,2.2,2.88,3.1,2.2,3.3,3.3,2.4,3.01,3.13,2.28,3.15,3.45,2.42,2.25,1.62,2.25,1.73,2.13,1.65,2.34,1.73,0.25,1.83,1.98,1.85,2.0,1.77,1.97,1.89,2.09
FRA,Division 2,F2,14/08/2026,19:45,Guingamp,Boulogne,1,0,H,0,0,D,,1.04,0.63,14,12,3,2,14,16,3,4,1,2,0,0,1.75,3.5,4.75,1.73,3.5,4.33,1.75,3.6,4.6,1.77,3.5,4.5,1.73,3.5,4.33,1.7,3.4,4.2,1.78,3.6,4.75,1.74,3.49,4.45,1.82,3.65,5.0,2.08,1.73,2.08,1.8,2.0,1.73,2.18,1.8,-0.5,1.75,2.05,1.75,2.05,1.72,2.01,1.82,2.16,1.8,3.3,4.75,1.83,3.3,4.2,1.75,3.4,4.75,1.83,3.4,4.4,1.73,3.25,4.5,1.73,3.1,4.33,1.85,3.4,4.75,1.79,3.31,4.47,1.86,3.55,5.2,2.2,1.65,2.2,1.73,2.11,1.66,2.3,1.74,-0.5,1.78,2.03,1.83,2.03,1.77,1.95,1.86,2.13
FRA,Division 2,F2,14/08/2026,19:45,Laval,Nantes,2,1,H,1,1,D,,1.39,1.07,9,16,5,3,15,11,2,7,1,0,0,0,3.7,3.3,1.9,3.6,3.3,1.95,3.8,3.4,1.95,3.75,3.3,1.98,3.6,3.3,1.95,3.5,3.25,1.91,3.8,3.4,1.98,3.73,3.32,1.95,4.0,3.45,2.06,2.0,1.8,2.05,1.8,2.01,1.73,2.16,1.82,0.5,1.85,1.95,1.85,1.95,1.8,1.91,1.89,2.06,3.5,3.3,1.95,3.4,3.4,2.0,3.6,3.4,2.0,3.6,3.3,2.0,3.6,3.1,1.95,3.5,3.1,1.95,3.7,3.4,2.05,3.53,3.29,1.99,3.95,3.5,2.12,2.03,1.78,2.05,1.83,1.98,1.76,2.1,1.88,0.5,1.8,2.0,1.8,2.0,1.76,1.95,1.86,2.12
FRA,Division 2,F2,14/08/2026,19:45,Nancy,Montpellier,0,1,A,0,0,D,,0.96,1.63,16,13,5,4,18,27,6,6,2,5,0,0,2.75,3.25,2.55,2.6,3.25,2.5,2.7,3.3,2.5,2.7,3.3,2.5,2.63,3.3,2.5,2.5,3.1,2.45,2.75,3.4,2.6,2.64,3.28,2.52,2.86,3.45,2.66,2.05,1.75,2.05,1.83,1.94,1.79,2.12,1.86,0.0,1.95,1.85,1.95,1.85,1.91,1.82,2.04,1.89,2.7,3.25,2.63,2.6,3.25,2.5,2.63,3.25,2.63,2.65,3.25,2.55,2.6,3.0,2.63,2.5,2.9,2.6,2.7,3.3,2.63,2.63,3.18,2.56,2.8,3.3,2.84,2.08,1.73,2.08,1.8,2.01,1.73,2.18,1.84,0.0,1.9,1.9,1.91,1.9,1.87,1.85,1.96,1.99
FRA,Division 2,F2,14/08/2026,19:45,Red Star,Sochaux,0,0,D,0,0,D,,2.02,0.41,20,6,5,2,7,11,12,1,2,0,0,0,1.9,3.4,3.7,1.83,3.4,4.0,1.9,3.4,4.0,1.9,3.3,4.1,1.85,3.4,4.0,1.8,3.25,3.8,1.91,3.45,4.1,1.87,3.34,3.94,1.97,3.5,4.5,2.0,1.8,2.05,1.83,1.98,1.75,2.12,1.86,-0.5,1.9,1.9,1.9,1.91,1.85,1.86,1.97,2.0,1.9,3.4,3.7,1.91,3.4,3.75,1.93,3.4,3.9,1.95,3.25,3.9,1.87,3.2,3.8,1.85,3.1,3.75,1.95,3.45,4.0,1.91,3.3,3.81,2.02,3.5,4.3,2.03,1.78,2.03,1.8,1.97,1.75,2.1,1.87,-0.5,1.93,1.88,1.93,1.9,1.88,1.83,2.02,1.94
FRA,Division 2,F2,14/08/2026,19:45,Reims,Dunkerque,3,3,D,1,1,D,,1.07,2.19,9,15,4,9,15,11,2,9,2,4,1,0,1.8,3.6,4.33,1.73,3.6,4.2,1.75,3.7,4.33,1.75,3.6,4.33,1.73,3.6,4.2,1.7,3.5,4.0,1.8,3.7,4.4,1.75,3.6,4.25,1.85,3.9,4.6,1.85,1.95,1.85,2.0,1.8,1.92,1.9,2.04,-0.5,1.78,2.03,1.78,2.05,1.74,2.0,1.85,2.11,1.73,3.7,4.75,1.7,3.75,4.33,1.7,3.7,4.6,1.77,3.7,4.33,1.67,3.75,4.33,1.67,3.6,4.2,1.77,3.75,4.75,1.71,3.66,4.4,1.81,3.95,4.9,1.83,1.98,1.83,2.0,1.79,1.93,1.9,2.08,-0.75,1.95,1.85,1.95,1.85,1.9,1.83,2.04,1.93
FRA,Division 2,F2,14/08/2026,19:45,St Etienne,Clermont,3,1,H,1,0,H,,2.67,0.7,22,6,4,2,15,15,7,6,1,1,0,0,1.45,4.2,7.0,1.44,4.2,6.0,1.45,4.4,6.5,1.49,4.33,6.0,1.4,4.33,6.0,1.4,4.2,5.5,1.49,4.5,7.0,1.45,4.29,6.18,1.51,4.7,7.2,1.73,2.08,1.73,2.2,1.68,2.09,1.8,2.18,-1.0,1.8,2.0,1.8,2.0,1.77,1.97,1.82,2.11,1.44,4.33,7.0,1.4,4.2,7.0,1.4,4.5,7.5,1.42,4.5,7.0,1.36,4.4,7.0,1.36,4.2,6.5,1.44,4.6,7.6,1.4,4.37,7.01,1.46,4.8,8.4,1.75,2.05,1.75,2.1,1.7,2.04,1.84,2.14,-1.25,2.0,1.8,2.0,1.8,1.94,1.78,2.06,1.88
HOL,Eredivisie,N1,07/08/2026,19:00,Cambuur,Excelsior,0,4,A,0,3,A,,0.72,2.87,11,18,2,9,6,11,5,8,0,0,0,0,2.6,3.4,2.7,2.5,3.5,2.5,2.5,3.5,2.63,2.5,3.5,2.65,2.4,3.5,2.5,2.38,3.4,2.45,2.6,3.5,2.75,2.49,3.47,2.6,2.64,3.7,2.78,1.75,2.05,1.75,2.15,1.69,2.08,1.8,2.22,0.0,1.85,1.95,1.85,1.95,1.82,1.9,1.93,2.02,2.8,3.4,2.5,2.6,3.5,2.4,2.7,3.6,2.5,2.6,3.4,2.6,2.6,3.3,2.4,2.5,3.2,2.4,2.8,3.6,2.6,2.64,3.44,2.5,2.82,3.7,2.64,1.75,2.05,1.75,2.2,1.69,2.08,1.8,2.22,0.0,2.0,1.8,2.0,1.8,1.94,1.79,2.06,1.93
HOL,Eredivisie,N1,08/08/2026,15:30,Nijmegen,Telstar,1,2,A,0,2,A,,2.15,1.66,27,8,4,3,12,14,13,3,2,2,0,0,1.5,4.5,6.0,1.44,4.5,5.5,1.44,4.75,6.0,1.49,4.8,5.75,1.4,4.5,5.5,1.4,4.33,5.5,1.5,5.0,6.0,1.46,4.67,5.72,1.53,5.2,6.0,1.44,2.7,1.44,2.88,1.4,2.75,1.46,2.98,-1.25,2.0,1.8,2.0,1.8,1.95,1.78,2.05,1.85,1.45,4.75,6.25,1.44,4.6,5.5,1.45,5.0,6.0,1.49,5.0,5.5,1.36,4.75,5.5,1.4,4.5,5.5,1.49,5.0,6.25,1.44,4.87,5.81,1.51,5.2,6.8,1.33,3.4,1.36,3.4,1.34,3.1,1.39,3.45,-1.25,1.9,1.9,1.9,1.9,1.87,1.86,1.98,1.97
HOL,Eredivisie,N1,08/08/2026,17:45,Go Ahead Eagles,Willem II,4,1,H,1,1,D,,2.43,1.51,20,13,10,1,6,14,6,2,2,1,0,0,1.65,4.1,4.75,1.62,4.0,4.5,1.65,4.1,4.6,1.68,4.0,4.75,1.62,4.0,4.5,1.6,3.9,4.2,1.68,4.33,4.8,1.64,4.07,4.59,1.7,4.0,4.9,1.57,2.35,1.57,2.4,1.55,2.32,1.6,2.42,-0.75,1.8,2.0,1.8,2.0,1.78,1.95,1.88,2.01,1.5,4.5,6.0,1.5,4.33,5.5,1.5,4.6,6.0,1.53,4.4,5.75,1.44,4.0,5.5,1.44,4.0,5.5,1.55,4.6,6.0,1.5,4.35,5.75,1.56,4.6,6.6,1.5,2.5,1.53,2.5,1.51,2.43,1.59,2.66,-1.0,1.78,2.03,1.9,2.03,1.78,1.95,1.89,2.08
HOL,Eredivisie,N1,08/08/2026,19:00,PSV Eindhoven,For Sittard,2,2,D,0,1,A,,2.3,1.01,21,8,6,6,9,6,9,0,1,1,0,0,1.2,7.5,12.0,1.17,7.0,11.0,1.17,7.5,13.0,1.21,7.75,11.0,1.14,7.5,11.0,1.14,7.0,9.5,1.21,8.5,13.0,1.18,7.47,11.23,1.21,8.8,14.5,1.22,4.2,1.22,4.5,1.21,4.13,1.25,4.5,-2.25,1.98,1.83,1.98,1.83,1.94,1.79,1.98,1.93,1.2,7.5,13.0,1.14,7.5,13.0,1.17,8.5,13.0,1.2,8.0,11.0,1.1,8.0,13.0,1.11,7.5,12.0,1.2,9.5,15.0,1.16,8.07,12.63,1.17,9.8,20.0,1.2,4.33,1.2,4.8,1.18,4.37,1.23,5.1,-2.5,2.1,1.7,2.1,1.78,2.03,1.72,2.07,1.87
HOL,Eredivisie,N1,08/08/2026,20:00,AZ Alkmaar,Den Haag,2,0,H,0,0,D,,2.67,0.95,12,10,4,0,9,14,9,7,0,1,0,0,1.45,4.5,7.0,1.4,4.6,6.0,1.44,4.6,6.5,1.47,4.75,6.0,1.4,4.5,6.0,1.4,4.2,5.75,1.48,5.0,7.0,1.44,4.61,6.08,1.51,5.0,6.8,1.53,2.4,1.53,2.63,1.48,2.5,1.53,2.66,-1.25,1.95,1.85,1.95,1.85,1.91,1.81,1.99,1.92,1.36,5.0,8.0,1.33,5.0,7.0,1.33,5.5,8.5,1.39,5.0,7.5,1.3,4.75,7.0,1.33,4.6,6.5,1.4,5.5,8.5,1.35,5.09,7.53,1.42,5.4,8.4,1.4,2.88,1.48,2.88,1.41,2.71,1.47,3.0,-1.5,1.98,1.83,2.0,1.83,1.93,1.81,2.03,1.89
HOL,Eredivisie,N1,09/08/2026,11:15,Sparta Rotterdam,Feyenoord,0,1,A,0,1,A,,1.01,3.53,10,22,0,6,11,8,5,10,3,1,0,0,4.5,4.1,1.7,4.33,4.0,1.67,4.4,4.1,1.67,4.4,4.1,1.7,4.2,4.0,1.62,4.0,3.9,1.62,4.5,4.2,1.73,4.33,4.04,1.67,4.6,4.2,1.71,1.53,2.4,1.53,2.5,1.51,2.42,1.58,2.5,0.75,1.95,1.85,1.95,1.85,1.91,1.81,1.98,1.9,4.75,4.33,1.62,4.6,4.2,1.57,5.0,4.4,1.6,5.0,4.2,1.61,5.0,4.0,1.5,4.8,3.9,1.53,5.25,4.4,1.62,4.94,4.23,1.58,5.6,4.5,1.65,1.53,2.4,1.53,2.63,1.5,2.46,1.57,2.72,1.0,1.78,2.03,1.8,2.03,1.78,1.95,1.88,2.06
HOL,Eredivisie,N1,09/08/2026,13:30,Groningen,Utrecht,2,1,H,1,0,H,,1.54,2.27,16,14,5,7,12,17,5,1,0,2,0,0,2.3,3.5,3.0,2.3,3.4,2.8,2.3,3.5,2.9,2.35,3.5,2.9,2.2,3.5,2.8,2.15,3.4,2.7,2.35,3.5,3.0,2.28,3.45,2.88,2.36,3.55,3.0,1.8,2.0,1.8,2.0,1.75,1.98,1.78,2.06,-0.25,2.0,1.8,2.0,1.8,1.95,1.78,2.05,1.83,2.2,3.5,3.2,2.2,3.5,2.88,2.2,3.6,3.13,2.25,3.5,3.1,2.1,3.3,3.0,2.1,3.2,3.0,2.25,3.6,3.2,2.19,3.47,3.06,2.3,3.65,3.35,1.75,2.05,1.8,2.05,1.73,2.01,1.83,2.18,-0.25,1.9,1.9,1.9,1.9,1.85,1.87,1.98,1.99
HOL,Eredivisie,N1,09/08/2026,13:30,Zwolle,Ajax,0,2,A,0,0,D,,0.59,1.54,7,26,2,6,12,10,2,10,2,2,1,0,6.0,4.5,1.5,5.5,4.5,1.44,6.0,4.75,1.45,5.75,4.6,1.51,5.5,4.5,1.4,5.5,4.33,1.4,6.0,4.8,1.51,5.68,4.59,1.46,6.2,4.9,1.49,1.48,2.6,1.48,2.75,1.44,2.62,1.48,2.76,1.0,2.03,1.78,2.05,1.78,2.03,1.72,2.14,1.75,6.5,4.75,1.45,5.5,4.5,1.44,6.5,5.0,1.44,6.0,4.8,1.47,6.0,4.33,1.4,5.75,4.2,1.4,6.5,5.0,1.48,6.0,4.68,1.45,7.4,4.8,1.51,1.44,2.7,1.48,2.75,1.44,2.63,1.52,2.84,1.25,1.85,1.95,1.85,1.95,1.81,1.92,1.91,2.04
HOL,Eredivisie,N1,09/08/2026,15:45,Heerenveen,Twente,1,0,H,0,0,D,,0.39,1.77,7,18,4,3,7,7,4,8,2,1,0,0,3.0,3.8,2.2,2.88,3.75,2.1,2.9,3.8,2.15,3.0,3.8,2.15,2.88,3.8,2.0,2.8,3.75,2.0,3.0,3.8,2.2,2.93,3.78,2.13,2.94,4.0,2.22,1.48,2.6,1.48,2.63,1.45,2.58,1.51,2.7,0.25,1.9,1.9,1.9,1.9,1.85,1.87,1.92,1.96,3.3,3.9,2.1,3.0,3.75,2.05,3.2,4.0,2.05,3.1,3.75,2.1,3.1,3.6,1.95,3.0,3.5,1.95,3.3,4.0,2.1,3.12,3.78,2.05,3.55,4.1,2.1,1.48,2.6,1.48,2.8,1.45,2.61,1.52,2.84,0.5,1.75,2.05,1.8,2.05,1.74,2.0,1.88,2.12
HOL,Eredivisie,N1,14/08/2026,19:00,Telstar,Sparta Rotterdam,1,3,A,0,1,A,,1.42,3.08,7,16,1,9,13,17,7,5,1,1,0,0,2.15,3.6,3.2,2.15,3.6,2.88,2.1,3.7,3.1,2.15,3.7,3.1,2.05,3.6,3.1,2.0,3.4,3.0,2.16,3.75,3.2,2.12,3.65,3.05,2.2,3.9,3.35,1.57,2.35,1.58,2.5,1.54,2.37,1.64,2.52,-0.25,1.85,1.95,1.88,1.95,1.84,1.9,1.91,2.06,2.2,3.6,3.1,2.1,3.75,2.88,2.15,3.8,3.1,2.15,3.75,3.0,2.0,3.5,3.1,2.0,3.4,3.0,2.2,3.8,3.1,2.13,3.69,3.03,2.2,3.9,3.4,1.57,2.35,1.58,2.5,1.53,2.39,1.59,2.64,-0.5,2.15,1.68,2.15,1.73,2.1,1.68,2.2,1.82
HOL,Eredivisie,N1,15/08/2026,15:30,Willem II,Nijmegen,1,4,A,0,1,A,,1.43,2.99,9,21,2,10,10,14,1,2,1,0,0,0,4.75,4.75,1.57,4.6,4.2,1.57,5.0,4.4,1.55,4.8,4.5,1.58,4.75,4.2,1.53,4.6,4.0,1.53,5.0,4.75,1.6,4.69,4.37,1.57,5.1,4.6,1.65,1.44,2.7,1.48,2.75,1.42,2.69,1.47,2.74,1.0,1.85,1.95,1.85,1.95,1.82,1.91,1.88,2.02,4.75,4.75,1.6,4.6,4.2,1.57,5.0,4.4,1.6,4.75,4.33,1.62,4.5,4.2,1.53,4.5,4.0,1.53,5.0,4.75,1.62,4.72,4.38,1.58,5.3,4.8,1.65,1.44,2.7,1.48,2.8,1.43,2.66,1.51,2.92,1.0,1.85,1.95,1.85,1.98,1.8,1.93,1.92,2.02
HOL,Eredivisie,N1,15/08/2026,17:45,Utrecht,AZ Alkmaar,1,4,A,0,1,A,,0.91,2.1,8,24,2,9,23,14,3,9,4,2,0,0,2.75,3.75,2.38,2.63,3.6,2.3,2.7,3.6,2.38,2.7,3.7,2.37,2.63,3.6,2.25,2.6,3.5,2.2,2.75,3.75,2.4,2.68,3.67,2.34,2.8,3.85,2.5,1.57,2.35,1.6,2.4,1.55,2.34,1.6,2.42,0.0,2.08,1.73,2.08,1.78,2.0,1.74,2.08,1.86,2.9,3.7,2.3,2.75,3.5,2.25,3.0,3.7,2.25,2.9,3.6,2.3,2.8,3.3,2.2,2.8,3.25,2.2,3.0,3.7,2.45,2.87,3.54,2.28,3.15,3.7,2.4,1.7,2.1,1.7,2.3,1.66,2.13,1.75,2.3,0.25,1.8,2.0,1.8,2.1,1.77,1.98,1.9,2.07
HOL,Eredivisie,N1,15/08/2026,19:00,Excelsior,PSV Eindhoven,1,2,A,0,1,A,,0.51,2.24,5,20,2,8,9,3,1,7,1,0,0,0,5.5,4.33,1.57,4.5,4.33,1.57,4.8,4.6,1.55,4.75,4.5,1.6,4.5,4.33,1.53,4.33,4.2,1.53,5.5,4.6,1.6,4.8,4.4,1.57,5.3,4.6,1.65,1.36,3.1,1.4,3.25,1.34,3.08,1.38,3.2,1.0,1.9,1.9,1.9,1.93,1.85,1.88,1.93,1.96,6.25,4.75,1.45,6.5,5.0,1.36,6.5,5.5,1.4,5.5,5.0,1.47,6.0,4.75,1.33,5.75,4.5,1.36,6.5,5.5,1.48,6.03,5.02,1.42,7.4,5.5,1.45,1.29,3.6,1.33,3.75,1.28,3.41,1.34,3.8,1.25,1.95,1.85,2.0,1.88,1.93,1.81,2.04,1.93
HOL,Eredivisie,N1,15/08/2026,20:00,For Sittard,Cambuur,3,1,H,2,1,H,,1.91,2.5,17,19,7,7,10,9,6,7,0,2,0,0,1.7,4.0,4.75,1.67,4.0,4.2,1.7,4.1,4.2,1.75,4.1,4.2,1.62,4.0,4.2,1.62,3.9,4.0,1.75,4.2,4.75,1.7,4.04,4.23,1.74,4.3,4.6,1.5,2.5,1.54,2.6,1.49,2.49,1.52,2.68,-0.75,1.88,1.93,1.91,1.93,1.85,1.89,1.92,1.99,1.62,4.1,5.25,1.57,4.2,4.6,1.6,4.4,5.0,1.62,4.33,4.8,1.53,4.0,4.75,1.53,3.9,4.6,1.62,4.4,5.25,1.59,4.21,4.82,1.67,4.5,5.4,1.5,2.5,1.54,2.75,1.47,2.55,1.56,2.76,-1.0,1.95,1.85,2.0,1.85,1.94,1.79,2.09,1.88
HOL,Eredivisie,N1,16/08/2026,11:15,Den Haag,Groningen,1,4,A,0,3,A,,1.01,3.2,10,17,4,14,11,11,5,2,0,1,0,0,2.75,3.75,2.38,2.63,3.6,2.3,2.7,3.6,2.38,2.8,3.6,2.37,2.63,3.6,2.25,2.5,3.3,2.15,2.8,3.75,2.38,2.7,3.59,2.34,2.84,3.6,2.46,1.65,2.2,1.65,2.25,1.6,2.21,1.64,2.26,0.0,2.03,1.78,2.05,1.8,1.99,1.75,,,2.45,3.7,2.7,2.4,3.5,2.6,2.5,3.6,2.7,2.5,3.6,2.65,2.4,3.3,2.6,2.4,3.2,2.5,2.55,3.7,2.7,2.48,3.52,2.62,2.62,3.65,2.86,1.73,2.08,1.73,2.2,1.68,2.1,1.79,2.24,0.0,1.8,2.0,1.85,2.0,1.8,1.92,1.9,2.08
HOL,Eredivisie,N1,16/08/2026,13:30,Feyenoord,Go Ahead Eagles,2,2,D,2,0,H,,2.89,1.51,27,14,6,6,3,8,6,6,0,0,0,0,1.36,5.5,7.5,1.33,5.0,7.0,1.33,5.5,7.0,1.41,5.25,6.5,1.29,5.5,7.0,1.29,5.0,6.5,1.41,5.5,7.5,1.35,5.31,6.72,1.42,5.5,7.4,1.36,3.1,1.37,3.25,1.33,3.14,1.37,3.25,-1.5,1.95,1.85,1.95,1.85,1.91,1.81,,,1.25,7.0,10.0,1.2,6.5,10.0,1.25,6.5,10.5,1.26,6.5,9.5,1.2,6.0,9.5,1.2,5.75,8.5,1.26,7.0,12.0,1.23,6.46,9.88,1.28,7.2,11.5,1.29,3.6,1.3,3.6,1.28,3.45,1.33,3.85,-2.0,1.98,1.83,2.04,1.83,1.99,1.75,2.05,1.89
HOL,Eredivisie,N1,16/08/2026,13:30,Twente,Zwolle,3,1,H,1,1,D,,2.08,0.68,27,8,10,3,11,6,6,3,0,0,0,0,1.29,6.0,9.5,1.22,6.0,10.0,1.22,6.5,11.0,1.26,6.5,9.75,1.18,6.0,10.0,1.2,5.75,9.0,1.29,7.0,11.0,1.23,6.24,10.1,1.25,6.8,11.5,1.36,3.1,1.36,3.1,1.34,3.04,1.01,1.25,-1.75,1.83,1.98,1.83,1.98,1.79,1.95,,,1.29,6.25,9.0,1.22,6.0,9.5,1.25,6.5,10.5,1.3,5.75,8.75,1.2,6.0,9.0,1.22,5.75,8.0,1.3,6.5,10.5,1.26,6.06,9.23,1.29,6.8,11.5,1.4,2.88,1.4,3.2,1.37,2.93,1.42,3.3,-1.75,1.93,1.88,1.93,1.9,1.88,1.86,1.95,1.97
HOL,Eredivisie,N1,16/08/2026,15:45,Ajax,Heerenveen,2,2,D,2,1,H,,2.0,1.37,23,14,4,8,8,10,7,2,3,1,0,0,1.44,4.5,7.0,1.4,4.6,6.5,1.4,5.0,6.5,1.46,4.8,6.0,1.36,4.5,6.0,1.36,4.33,5.75,1.46,5.0,7.0,1.41,4.74,6.15,1.49,5.1,6.6,1.4,2.88,1.42,3.0,1.38,2.84,1.43,2.98,-1.25,1.9,1.9,1.93,1.9,1.87,1.86,,,1.44,4.75,6.5,1.4,4.6,6.5,1.4,5.25,7.0,1.46,4.8,6.0,1.36,4.4,6.0,1.4,4.2,6.0,1.46,5.25,7.0,1.42,4.75,6.28,1.49,4.9,7.6,1.44,2.7,1.44,3.2,1.38,2.87,1.46,3.05,-1.25,1.85,1.95,1.9,1.95,1.84,1.89,1.97,1.99
BEL,Jupiler League,B1,07/08/2026,19:45,Club Brugge,Kortrijk,3,0,H,1,0,H,,3.85,0.86,20,9,8,3,6,10,6,1,1,1,0,0,1.22,6.0,10.0,1.2,6.0,11.0,1.2,6.5,11.5,1.25,6.5,10.0,1.17,6.0,10.0,1.2,5.75,9.5,1.25,6.5,11.5,1.22,6.26,10.3,1.27,7.2,13.5,1.36,3.1,1.4,3.1,1.36,2.92,1.43,3.2,-1.75,1.8,2.0,1.8,2.0,1.77,1.97,1.84,2.08,1.18,6.5,12.0,1.18,6.5,11.0,1.17,7.5,13.0,1.22,7.0,11.0,1.13,6.5,12.0,1.17,6.25,9.5,1.22,7.5,13.0,1.19,6.91,11.3,1.23,8.0,16.0,1.36,3.1,1.36,3.4,1.32,3.17,1.38,3.5,-2.0,1.85,1.95,1.85,1.95,1.82,1.91,1.95,1.99
BEL,Jupiler League,B1,08/08/2026,17:15,Standard,Cercle Brugge,2,2,D,1,1,D,,2.59,1.47,20,18,6,2,9,13,7,11,1,1,0,0,2.2,3.5,2.8,2.3,3.3,2.8,2.38,3.25,2.8,2.4,3.4,2.87,2.3,3.3,2.75,2.25,3.25,2.7,2.4,3.5,2.9,2.33,3.34,2.82,2.5,3.5,2.9,1.95,1.85,2.0,1.85,1.92,1.79,1.99,1.85,-0.25,2.08,1.73,2.08,1.77,2.02,1.73,2.14,1.77,2.2,3.6,2.75,2.3,3.4,2.8,2.3,3.3,3.0,2.4,3.4,2.87,2.2,3.2,2.88,2.2,3.2,2.8,2.45,3.6,3.0,2.3,3.38,2.86,2.42,3.6,3.2,1.88,1.93,1.91,1.93,1.85,1.86,2.0,1.98,-0.25,2.0,1.8,2.0,1.8,1.95,1.78,2.08,1.9
BEL,Jupiler League,B1,08/08/2026,19:45,St Truiden,Lommel SK,1,1,D,0,1,A,,1.99,1.5,32,9,4,2,13,7,6,2,1,0,0,0,1.6,3.75,5.25,1.6,3.75,5.0,1.6,3.8,5.0,1.62,4.0,5.25,1.57,3.8,5.0,1.55,3.75,4.75,1.62,4.0,5.33,1.59,3.86,5.1,1.63,3.95,5.6,1.8,2.0,1.83,2.0,1.78,1.94,1.81,2.04,-0.75,1.78,2.03,1.8,2.03,1.76,1.98,1.8,2.08,1.42,4.5,6.5,1.4,4.33,6.5,1.4,4.6,7.0,1.47,4.6,6.5,1.36,4.33,6.0,1.4,4.2,6.0,1.48,4.75,7.0,1.43,4.49,6.49,1.49,4.9,7.6,1.6,2.3,1.65,2.3,1.6,2.23,1.66,2.44,-1.25,1.98,1.83,1.98,1.83,1.93,1.8,2.05,1.88
BEL,Jupiler League,B1,08/08/2026,19:45,Westerlo,St. Gilloise,1,5,A,1,1,D,,0.76,1.79,12,19,3,10,12,8,4,5,1,2,0,0,3.9,3.75,1.7,4.2,3.6,1.73,4.2,3.6,1.75,4.5,3.75,1.75,4.2,3.6,1.7,4.0,3.5,1.7,4.5,3.8,1.8,4.2,3.68,1.74,4.5,3.65,1.82,1.8,2.0,1.8,2.0,1.77,1.95,1.82,2.02,0.5,2.05,1.75,2.05,1.75,2.01,1.72,2.06,1.82,5.25,4.2,1.48,5.5,4.0,1.53,6.0,4.2,1.5,5.5,4.2,1.57,6.0,3.8,1.44,5.5,3.75,1.5,6.0,4.33,1.58,5.53,4.1,1.52,7.0,4.4,1.58,1.7,2.1,1.75,2.1,1.69,2.06,1.77,2.26,1.0,1.98,1.83,1.98,1.93,1.89,1.83,2.0,1.95
BEL,Jupiler League,B1,09/08/2026,12:30,Gent,Mechelen,2,0,H,2,0,H,,1.16,0.34,15,5,8,2,11,11,4,1,0,1,0,0,1.91,3.5,3.6,1.95,3.5,3.4,1.95,3.4,3.5,2.0,3.5,3.6,1.91,3.5,3.4,1.91,3.4,3.3,2.0,3.6,3.7,1.95,3.48,3.52,1.98,3.45,3.8,1.9,1.9,1.9,1.95,1.82,1.9,1.93,1.81,-0.5,1.98,1.83,1.98,1.83,1.91,1.79,,,1.83,3.4,4.0,1.9,3.4,3.75,1.9,3.4,4.1,1.9,3.4,4.1,1.8,3.25,4.0,1.8,3.2,3.9,1.91,3.5,4.2,1.88,3.4,3.96,1.95,3.6,4.6,2.0,1.8,2.0,1.85,1.94,1.79,2.06,1.9,-0.5,1.85,1.95,1.9,1.95,1.85,1.86,1.95,2.03
BEL,Jupiler League,B1,09/08/2026,15:00,Charleroi,Oud-Heverlee Leuven,3,1,H,1,1,D,,3.14,1.3,24,12,10,3,7,13,6,2,1,2,0,1,1.75,3.5,4.2,1.73,3.5,4.33,1.75,3.5,4.33,1.83,3.6,4.33,1.7,3.5,4.4,1.7,3.4,4.2,1.85,3.6,4.4,1.76,3.52,4.26,1.81,3.55,4.7,2.0,1.8,2.1,1.83,1.98,1.75,1.91,1.85,-0.5,1.78,2.03,1.8,2.05,1.74,1.98,1.81,2.06,1.73,3.6,4.2,1.73,3.6,4.2,1.75,3.7,4.4,1.8,3.75,4.33,1.67,3.5,4.2,1.7,3.5,4.2,1.8,3.8,4.5,1.75,3.65,4.25,1.83,4.0,4.8,1.75,2.05,1.85,2.05,1.76,1.98,1.87,2.12,-0.75,2.0,1.8,2.0,1.8,1.95,1.78,2.05,1.92
BEL,Jupiler League,B1,09/08/2026,15:00,Waregem,Genk,2,1,H,0,1,A,,0.51,0.55,11,10,5,3,13,16,6,3,1,4,0,0,2.9,3.6,2.1,3.0,3.5,2.1,3.0,3.5,2.1,3.2,3.6,2.15,3.0,3.5,2.05,2.9,3.4,2.05,3.2,3.65,2.16,3.03,3.52,2.12,3.15,3.65,2.24,1.73,2.08,1.73,2.1,1.7,2.06,1.62,1.94,0.25,1.9,1.9,1.9,1.9,1.86,1.86,,,3.25,3.7,1.91,3.2,3.5,2.05,3.4,3.6,2.0,3.4,3.7,2.05,3.0,3.4,2.05,2.9,3.4,2.05,3.4,3.7,2.1,3.25,3.58,2.03,3.5,3.85,2.14,1.67,2.15,1.68,2.15,1.65,2.12,1.75,2.3,0.5,1.8,2.0,1.8,2.05,1.74,1.97,1.83,2.16
BEL,Jupiler League,B1,09/08/2026,17:30,Anderlecht,RAAL La Louviere,2,1,H,0,0,D,,3.05,0.74,32,5,7,2,12,12,10,1,2,3,0,1,1.73,3.5,4.2,1.73,3.5,4.5,1.73,3.5,4.4,1.8,3.6,4.5,1.67,3.6,4.4,1.67,3.5,4.2,1.85,3.6,4.5,1.75,3.53,4.39,1.78,3.65,4.8,1.95,1.85,2.0,1.88,1.92,1.8,1.9,1.87,-0.5,1.75,2.05,1.83,2.05,1.73,2.0,,,1.6,3.7,5.0,1.62,3.6,5.0,1.62,3.8,5.25,1.68,3.8,5.0,1.57,3.6,5.0,1.57,3.5,5.0,1.68,3.8,5.5,1.63,3.71,5.03,1.7,4.0,5.9,1.95,1.85,1.95,1.85,1.89,1.83,2.04,1.94,-0.75,1.8,2.0,1.8,2.0,1.78,1.95,1.92,2.07
BEL,Jupiler League,B1,09/08/2026,18:15,Antwerp,Beveren,2,1,H,0,1,A,,2.21,0.96,19,11,7,4,15,7,5,3,2,4,0,0,1.73,3.5,4.33,1.7,3.5,4.6,1.7,3.5,4.6,1.72,3.6,5.0,1.65,3.5,4.75,1.67,3.4,4.6,1.73,3.75,5.0,1.7,3.54,4.66,1.78,3.7,5.0,2.08,1.73,2.1,1.73,2.05,1.7,2.1,1.84,-0.75,2.0,1.8,2.0,1.8,1.93,1.79,,,2.45,3.2,2.7,2.3,3.25,2.88,2.45,3.25,2.8,2.5,3.2,2.87,2.38,3.0,2.8,2.3,3.0,2.75,2.5,3.3,3.8,2.38,3.2,2.89,2.62,3.35,3.05,2.08,1.73,2.1,1.75,2.03,1.71,2.12,1.85,0.0,1.83,1.98,1.83,2.2,1.73,2.02,1.84,2.16
BEL,Jupiler League,B1,14/08/2026,19:45,Cercle Brugge,St Truiden,3,3,D,1,2,A,,4.15,2.05,26,13,8,7,7,9,10,3,0,3,0,0,2.35,3.5,2.88,2.25,3.5,2.75,2.38,3.5,2.8,2.3,3.6,2.87,2.2,3.5,2.7,2.2,3.4,2.7,2.38,3.6,2.9,2.3,3.51,2.81,2.46,3.65,3.0,1.7,2.1,1.73,2.15,1.69,2.08,1.8,2.18,-0.25,2.08,1.73,2.08,1.8,1.99,1.74,2.13,1.84,2.63,3.5,2.5,2.6,3.5,2.4,2.63,3.5,2.45,2.7,3.5,2.5,2.5,3.3,2.4,2.5,3.2,2.4,2.7,3.5,2.6,2.61,3.45,2.47,2.86,3.6,2.64,1.7,2.1,1.7,2.2,1.67,2.1,1.78,2.24,0.0,2.0,1.8,2.0,1.85,1.91,1.81,2.07,1.91
BEL,Jupiler League,B1,15/08/2026,15:00,St. Gilloise,Waregem,0,0,D,0,0,D,,0.89,0.97,9,11,3,4,14,13,9,3,2,0,0,0,1.33,5.0,9.5,1.3,5.0,8.5,1.3,5.0,8.5,1.35,5.0,8.75,1.29,5.0,8.5,1.29,4.75,7.5,1.35,5.25,9.5,1.32,4.99,8.45,1.38,5.3,9.8,1.6,2.3,1.62,2.3,1.59,2.26,1.6,2.18,-1.5,1.95,1.85,1.95,1.85,1.9,1.81,1.85,1.79,1.45,4.1,6.5,1.4,4.33,6.5,1.44,4.4,7.0,1.47,4.33,6.75,1.36,4.2,6.5,1.4,4.0,6.25,1.48,4.5,7.4,1.44,4.31,6.66,1.5,4.7,8.0,1.73,2.08,1.73,2.2,1.67,2.1,1.79,2.24,-1.25,2.0,1.8,2.0,1.8,1.96,1.77,2.09,1.87
BEL,Jupiler League,B1,15/08/2026,17:15,Kortrijk,Antwerp,0,3,A,0,1,A,,0.77,1.19,15,16,2,7,5,11,3,10,1,0,0,0,2.55,3.2,2.7,2.6,3.25,2.5,2.55,3.2,2.6,2.65,3.3,2.65,2.5,3.25,2.5,2.5,3.1,2.45,2.65,3.3,2.7,2.58,3.24,2.59,2.66,3.4,2.74,2.03,1.78,2.05,1.8,2.0,1.74,2.04,1.83,0.0,1.9,1.9,1.9,1.9,1.85,1.86,1.92,1.96,2.5,3.2,2.75,2.5,3.2,2.63,2.55,3.25,2.7,2.55,3.3,2.75,2.3,3.0,2.8,2.38,3.0,2.7,2.65,3.3,2.9,2.48,3.21,2.75,2.62,3.4,3.0,1.98,1.83,2.0,1.83,1.96,1.77,2.08,1.89,0.0,1.78,2.03,1.88,2.1,1.79,1.95,1.86,2.12
BEL,Jupiler League,B1,15/08/2026,19:45,Genk,Westerlo,3,2,H,2,2,D,,4.23,0.85,22,12,7,2,15,14,8,4,3,3,0,0,1.62,4.1,5.0,1.62,4.0,4.5,1.62,4.1,4.4,1.7,4.1,4.4,1.6,4.0,4.4,1.6,3.9,4.2,1.73,4.2,5.0,1.65,3.99,4.51,1.67,4.4,5.1,1.5,2.5,1.52,2.63,1.48,2.52,1.51,2.62,-0.75,1.78,2.03,1.9,2.03,1.8,1.93,1.82,2.14,1.42,5.0,6.5,1.36,5.0,6.5,1.36,5.25,7.0,1.42,5.25,6.25,1.33,4.75,6.0,1.33,4.6,6.0,1.42,5.5,7.0,1.38,5.08,6.37,1.43,5.5,7.8,1.36,3.1,1.36,3.5,1.33,3.15,1.4,3.4,-1.5,2.0,1.8,2.0,1.8,1.95,1.76,2.09,1.87
BEL,Jupiler League,B1,15/08/2026,19:45,Oud-Heverlee Leuven,Club Brugge,0,3,A,0,1,A,,0.73,2.93,16,28,1,9,12,8,4,16,0,0,0,0,6.0,4.75,1.44,7.0,4.6,1.36,7.0,4.8,1.36,6.75,5.0,1.42,6.5,5.0,1.3,6.25,4.75,1.33,7.2,5.0,1.44,6.7,4.83,1.38,7.4,5.2,1.44,1.48,2.6,1.48,2.7,1.45,2.61,1.49,2.78,1.5,1.75,2.05,1.77,2.08,1.72,2.01,1.8,2.1,6.5,4.5,1.44,6.0,4.5,1.44,6.0,4.75,1.44,5.75,4.8,1.49,6.0,4.4,1.36,5.75,4.2,1.4,6.5,4.8,1.49,6.0,4.53,1.44,7.4,5.0,1.49,1.5,2.5,1.5,2.7,1.45,2.61,1.54,2.8,1.25,1.85,1.95,1.85,2.0,1.79,1.94,1.91,2.04
BEL,Jupiler League,B1,16/08/2026,12:30,Beveren,Anderlecht,1,0,H,1,0,H,,0.64,1.27,10,16,3,6,9,15,1,12,0,1,0,0,3.3,3.5,2.1,3.2,3.4,2.05,3.25,3.4,2.05,3.4,3.6,2.05,3.1,3.4,2.0,3.1,3.3,2.0,3.4,3.6,2.1,3.28,3.44,2.05,3.35,3.7,2.18,1.8,2.0,1.8,2.0,1.76,1.96,1.82,2.08,0.5,1.78,2.03,1.8,2.05,1.73,2.0,,,3.0,3.6,2.2,2.88,3.5,2.2,3.0,3.7,2.15,3.0,3.6,2.2,3.0,3.3,2.1,2.9,3.25,2.1,3.1,3.7,2.25,3.01,3.52,2.17,3.3,3.7,2.28,1.62,2.25,1.67,2.25,1.62,2.18,1.73,2.32,0.25,1.88,1.93,1.9,1.93,1.86,1.87,1.97,1.98
BEL,Jupiler League,B1,16/08/2026,15:00,RAAL La Louviere,Gent,1,2,A,1,1,D,,0.54,1.18,11,8,5,3,12,5,6,3,1,0,0,0,3.1,3.25,2.3,2.88,3.3,2.3,2.9,3.3,2.25,3.0,3.5,2.3,2.8,3.3,2.2,2.75,3.25,2.2,3.1,3.5,2.35,2.92,3.34,2.28,3.2,3.4,2.34,1.95,1.85,1.95,1.91,1.87,1.84,1.79,1.78,0.25,1.83,1.98,1.83,1.98,1.79,1.95,,,3.4,3.0,2.3,3.0,3.2,2.25,3.13,3.2,2.3,3.1,3.2,2.37,3.1,2.9,2.2,3.0,2.9,2.2,3.4,3.2,2.37,3.12,3.11,2.3,3.4,3.25,2.42,2.25,1.62,2.25,1.7,2.18,1.63,2.34,1.72,0.25,1.83,1.98,1.83,1.98,1.8,1.93,1.91,2.06
BEL,Jupiler League,B1,16/08/2026,17:30,Mechelen,Standard,3,3,D,1,2,A,,2.75,1.65,19,16,4,7,8,17,5,2,0,3,0,0,2.63,3.3,2.63,2.6,3.3,2.5,2.55,3.25,2.55,2.6,3.4,2.65,,,,,,,2.63,3.4,2.71,2.59,3.26,2.62,,,,1.98,1.83,1.98,1.83,1.92,1.8,,,0.0,1.9,1.9,1.9,1.9,1.86,1.87,,,2.9,3.2,2.45,2.75,3.2,2.4,2.9,3.2,2.45,2.87,3.2,2.5,2.63,2.9,2.5,2.63,2.9,2.5,2.9,3.2,2.7,2.77,3.14,2.51,2.9,3.25,2.76,2.15,1.67,2.15,1.67,2.12,1.66,2.26,1.78,0.0,2.05,1.75,2.05,1.9,1.97,1.77,2.08,1.9
BEL,Jupiler League,B1,16/08/2026,18:15,Lommel SK,Charleroi,0,1,A,0,0,D,,0.34,1.25,8,23,0,5,8,7,2,12,1,0,0,0,3.25,3.4,2.1,3.2,3.5,2.05,3.25,3.4,2.05,3.3,3.5,2.1,,,,,,,3.3,3.6,2.15,3.24,3.46,2.08,,,,1.75,2.05,1.83,2.05,1.78,1.94,,,0.25,1.98,1.83,1.98,1.83,1.94,1.8,,,4.2,3.8,1.75,4.0,3.75,1.73,4.2,3.9,1.73,4.1,3.9,1.8,3.8,3.7,1.73,3.75,3.6,1.73,4.2,3.9,1.83,4.01,3.79,1.77,4.4,4.0,1.87,1.62,2.25,1.67,2.3,1.61,2.2,1.69,2.38,0.5,2.05,1.75,2.05,1.8,1.98,1.74,,
POR,Liga I,P1,07/08/2026,20:15,Estoril,Famalicao,1,1,D,0,1,A,,1.22,1.47,14,6,3,3,12,13,7,6,1,2,0,0,2.75,3.3,2.4,2.75,3.25,2.38,2.8,3.25,2.3,2.95,3.25,2.3,2.88,3.3,2.4,2.8,3.5,2.38,3.0,3.5,2.45,2.85,3.28,2.38,3.15,3.4,2.48,1.93,1.93,1.95,1.93,1.91,1.82,2.04,1.93,0.0,2.05,1.8,2.05,1.8,2.02,1.73,2.24,1.76,3.0,3.25,2.3,2.75,3.25,2.38,2.88,3.2,2.3,2.9,3.2,2.4,2.88,3.1,2.45,2.88,3.3,2.4,3.0,3.3,2.5,2.88,3.22,2.39,3.15,3.35,2.54,2.05,1.75,2.05,1.83,1.98,1.75,2.14,1.86,0.25,1.8,2.05,1.8,2.1,1.74,2.01,1.84,2.16
POR,Liga I,P1,08/08/2026,15:30,Maritimo,Casa Pia,1,0,H,0,0,D,,1.28,0.65,16,9,4,4,17,13,2,6,2,2,0,0,2.32,3.5,2.75,2.5,3.3,2.6,2.3,3.25,2.8,2.4,3.3,2.8,2.5,3.4,2.7,2.45,3.3,2.63,2.5,3.5,2.88,2.41,3.35,2.76,2.44,3.5,3.05,2.0,1.8,2.0,1.91,1.9,1.81,2.04,1.84,0.0,1.7,2.1,1.8,2.1,1.71,2.03,1.76,2.18,1.86,3.3,4.1,1.95,3.1,4.0,1.91,3.13,4.0,1.95,3.2,4.1,1.95,3.2,4.0,1.95,3.3,3.8,2.15,3.35,4.2,1.95,3.19,3.97,2.02,3.4,4.6,2.4,1.53,2.4,1.6,2.31,1.55,2.48,1.66,-0.5,1.98,1.88,2.1,1.88,1.93,1.8,2.02,1.96
POR,Liga I,P1,08/08/2026,18:00,Guimaraes,Arouca,0,1,A,0,0,D,,2.22,0.49,24,4,3,2,9,7,5,2,2,5,0,1,1.86,3.4,4.0,1.9,3.5,3.6,1.87,3.4,3.75,1.87,3.5,3.9,1.95,3.5,3.8,1.91,3.4,3.6,1.95,3.6,4.0,1.9,3.47,3.83,1.97,3.8,4.1,1.95,1.9,1.95,1.9,1.87,1.84,1.94,2.0,-0.5,1.93,1.93,1.93,1.93,1.86,1.87,1.94,1.98,1.86,3.4,4.0,1.9,3.5,3.6,1.87,3.4,3.75,1.93,3.5,3.75,1.91,3.4,4.0,1.87,3.6,3.8,1.95,3.6,4.0,1.91,3.47,3.81,2.0,3.6,4.3,1.88,1.98,1.93,1.98,1.86,1.86,2.02,1.97,-0.5,1.93,1.93,1.93,1.93,1.88,1.85,2.0,1.98
POR,Liga I,P1,08/08/2026,20:30,Estrela,Sp Lisbon,2,2,D,0,0,D,,1.01,2.62,9,15,4,8,13,14,5,4,2,2,0,0,12.0,5.75,1.22,12.0,6.0,1.2,11.5,5.75,1.2,10.5,6.0,1.25,13.0,6.0,1.2,11.0,5.75,1.2,13.0,6.5,1.25,11.3,5.96,1.22,15.0,6.4,1.25,1.53,2.4,1.53,2.5,1.51,2.42,1.58,2.36,1.75,1.93,1.93,1.93,1.93,1.88,1.86,1.89,1.97,9.0,4.75,1.3,9.5,5.0,1.29,8.5,4.8,1.3,8.0,5.0,1.35,9.5,5.0,1.3,9.0,5.0,1.3,9.5,5.4,1.36,8.63,4.98,1.32,11.0,5.5,1.36,1.67,2.15,1.67,2.2,1.64,2.16,1.75,2.28,1.5,1.83,2.03,1.85,2.05,1.8,1.94,1.86,2.06
POR,Liga I,P1,09/08/2026,18:00,Porto,Alverca,2,0,H,2,0,H,,2.59,1.66,10,15,4,5,13,10,7,9,0,4,0,0,1.15,6.5,15.0,1.18,6.0,13.0,1.15,6.5,13.0,1.2,6.5,13.0,1.17,6.5,17.0,1.17,6.25,13.0,1.2,7.0,17.0,1.17,6.4,13.33,,,,1.57,2.35,1.57,2.4,1.54,2.35,,,-2.0,2.03,1.83,2.03,1.83,1.96,1.79,,,1.17,5.75,15.0,1.18,6.0,13.0,1.18,5.75,13.0,1.22,6.0,13.0,1.17,6.0,16.0,1.17,6.5,15.0,1.22,6.5,16.0,1.19,6.0,13.3,1.23,7.0,21.0,1.67,2.15,1.67,2.25,1.63,2.17,1.75,2.3,-1.75,1.88,1.98,1.88,1.98,1.82,1.92,1.9,2.05
POR,Liga I,P1,09/08/2026,20:30,Benfica,Academico Viseu,2,2,D,1,0,H,,3.12,1.18,28,8,11,4,14,13,10,2,2,4,0,0,1.1,9.0,21.0,1.1,8.0,19.0,1.08,8.0,21.0,1.13,8.5,18.5,1.08,9.5,26.0,1.08,8.5,19.0,1.13,10.0,26.0,1.1,8.53,20.37,1.14,9.8,25.0,1.44,2.7,1.45,2.8,1.41,2.71,1.46,2.8,-2.5,2.05,1.75,2.05,1.8,1.98,1.74,2.09,1.8,1.09,9.0,19.0,1.09,8.5,19.0,1.08,8.5,18.0,1.13,8.75,17.5,1.08,9.0,26.0,1.08,10.0,23.0,1.13,10.0,26.0,1.1,8.93,19.63,1.13,11.0,36.0,1.36,3.1,1.38,3.5,1.34,3.05,1.39,3.4,-2.5,2.0,1.85,2.0,1.9,1.92,1.81,2.09,1.87
POR,Liga I,P1,09/08/2026,20:30,Gil Vicente,Rio Ave,1,0,H,0,0,D,,1.53,0.3,13,6,5,2,14,9,5,2,1,3,0,1,1.91,3.5,3.8,1.91,3.4,3.75,1.9,3.4,3.7,1.98,3.4,3.6,1.91,3.5,3.8,1.91,3.4,3.6,2.0,3.5,3.9,1.93,3.43,3.74,1.97,3.5,4.0,1.98,1.88,1.98,1.88,1.92,1.81,1.98,1.88,-0.5,1.98,1.88,1.98,1.9,1.9,1.83,,,2.1,3.2,3.4,1.95,3.3,3.6,2.1,3.13,3.3,2.15,3.2,3.4,2.05,3.2,3.7,2.05,3.3,3.6,2.15,3.3,3.7,2.09,3.23,3.47,2.2,3.35,3.95,2.15,1.67,2.2,1.67,2.15,1.64,2.32,1.74,-0.25,1.88,1.98,1.88,1.98,1.81,1.93,1.88,2.1
POR,Liga I,P1,09/08/2026,20:30,Moreirense,Sp Braga,2,2,D,1,1,D,,0.2,1.5,7,13,3,4,15,20,4,2,4,2,0,0,5.0,3.6,1.66,4.5,3.6,1.7,4.6,3.6,1.67,4.75,3.6,1.7,4.75,3.7,1.67,4.6,3.6,1.67,5.0,3.75,1.73,4.68,3.64,1.7,5.1,3.95,1.69,2.0,1.85,2.0,1.85,1.92,1.8,1.99,1.89,0.75,1.9,1.95,1.9,1.95,1.86,1.88,,,6.0,3.9,1.51,6.0,3.75,1.53,6.0,3.7,1.53,6.0,3.8,1.55,6.0,4.0,1.5,6.0,4.2,1.5,6.6,4.2,1.57,6.05,3.89,1.53,7.0,4.3,1.58,2.08,1.73,2.08,1.83,1.98,1.76,2.14,1.86,1.0,1.85,2.0,1.85,2.0,1.81,1.94,1.9,2.02
POR,Liga I,P1,10/08/2026,20:15,Santa Clara,Nacional,2,2,D,2,2,D,,1.44,1.24,19,10,7,4,15,14,4,4,2,2,0,0,1.86,3.25,4.2,1.83,3.3,4.0,1.83,3.25,4.1,1.87,3.3,4.2,1.85,3.4,4.2,1.8,3.25,3.9,1.91,3.4,4.4,1.85,3.32,4.17,1.87,3.35,4.6,2.15,1.67,2.15,1.7,2.11,1.65,,,-0.5,1.88,1.98,1.88,1.98,1.82,1.9,,,1.86,3.0,4.75,1.83,3.1,4.33,1.85,3.1,4.33,1.9,3.1,4.33,1.87,3.1,4.5,1.85,3.25,4.5,1.95,3.25,4.75,1.88,3.13,4.46,1.96,3.3,5.2,2.6,1.48,2.6,1.54,2.53,1.48,2.66,1.58,-0.5,1.9,1.95,1.9,1.95,1.85,1.87,1.95,2.04
POR,Liga I,P1,14/08/2026,20:15,Sp Lisbon,Guimaraes,3,2,H,3,0,H,,1.12,1.13,5,12,3,3,12,21,5,1,4,4,0,0,1.3,5.25,8.0,1.29,5.0,9.0,1.29,5.0,8.5,1.34,5.25,8.0,1.29,5.5,9.5,1.29,5.5,8.5,1.35,5.5,9.5,1.31,5.22,8.46,1.34,6.0,10.5,1.57,2.35,1.58,2.5,1.54,2.36,1.62,2.56,-1.5,1.98,1.88,1.98,1.88,1.88,1.84,1.97,1.95,1.39,4.75,6.5,1.36,4.6,7.0,1.36,4.6,7.0,1.42,4.75,6.5,1.36,4.75,7.5,1.36,5.0,7.5,1.44,5.25,8.0,1.38,4.76,7.12,1.41,5.4,9.0,1.6,2.3,1.6,2.4,1.56,2.31,1.64,2.48,-1.25,1.9,1.95,1.9,1.95,1.82,1.91,1.92,2.04
POR,Liga I,P1,15/08/2026,15:30,Alverca,Estrela,2,2,D,0,0,D,,1.75,1.29,14,10,4,7,10,12,2,0,2,4,1,0,2.1,3.3,3.4,2.1,3.25,3.25,2.1,3.2,3.25,2.2,3.25,3.2,2.1,3.3,3.3,2.1,3.25,3.25,2.2,3.3,3.4,2.15,3.25,3.28,2.26,3.3,3.6,2.15,1.67,2.2,1.7,2.12,1.66,2.24,1.71,-0.25,1.88,1.98,1.88,1.98,1.84,1.9,1.92,2.0,2.05,3.25,3.6,2.1,3.2,3.3,2.05,3.3,3.3,2.1,3.25,3.4,2.1,3.1,3.5,2.1,3.3,3.5,2.14,3.3,3.6,2.09,3.22,3.45,2.22,3.35,3.85,2.05,1.8,2.1,1.8,2.03,1.73,2.14,1.85,-0.25,1.83,2.03,1.83,2.03,1.78,1.96,1.89,2.09
POR,Liga I,P1,15/08/2026,18:00,Academico Viseu,Santa Clara,0,1,A,0,1,A,,0.69,1.26,10,8,1,2,11,16,4,2,1,3,0,0,2.82,3.2,2.45,2.8,3.2,2.4,2.75,3.1,2.45,2.85,3.2,2.45,2.88,3.3,2.4,2.8,3.2,2.38,2.9,3.3,2.5,2.84,3.17,2.45,2.98,3.15,2.6,2.2,1.65,2.2,1.67,2.16,1.63,2.26,1.67,0.0,2.05,1.8,2.05,1.8,2.0,1.75,2.08,1.83,2.65,2.85,2.82,2.63,3.0,2.63,2.55,3.0,2.7,2.7,3.0,2.65,2.75,2.9,2.7,2.7,3.1,2.63,3.0,3.15,2.82,2.69,3.02,2.69,2.96,3.15,2.9,2.5,1.5,2.5,1.57,2.4,1.52,2.54,1.63,0.0,1.85,2.0,2.05,2.0,1.87,1.86,2.0,1.96
POR,Liga I,P1,15/08/2026,20:30,Rio Ave,Porto,0,2,A,0,1,A,,0.57,1.98,13,14,1,6,1,10,6,6,0,0,0,0,7.5,4.5,1.39,7.5,4.33,1.36,7.5,4.33,1.36,7.0,4.5,1.42,8.0,4.5,1.36,7.0,4.33,1.4,8.4,4.8,1.44,7.38,4.51,1.4,8.8,4.8,1.43,1.83,2.03,1.83,2.03,1.76,1.98,1.86,2.04,1.25,1.88,1.98,1.9,1.98,1.85,1.89,1.91,1.98,8.5,4.75,1.35,8.5,4.5,1.33,8.0,4.5,1.33,7.75,4.75,1.38,9.0,4.75,1.33,8.5,5.0,1.33,9.0,5.0,1.38,8.3,4.76,1.34,10.5,5.2,1.39,1.75,2.05,1.8,2.1,1.73,2.01,1.83,2.16,1.25,2.0,1.85,2.0,1.85,1.95,1.79,2.06,1.9
POR,Liga I,P1,16/08/2026,15:30,Nacional,Estoril,2,0,H,0,0,D,,2.08,0.82,20,9,3,5,13,13,7,4,2,4,0,1,2.65,3.3,2.55,2.5,3.3,2.6,2.55,3.3,2.5,2.65,3.4,2.5,2.6,3.5,2.5,2.5,3.4,2.5,2.7,3.5,2.62,2.61,3.33,2.54,2.76,3.4,2.64,1.93,1.93,1.93,1.93,1.84,1.87,1.79,1.82,0.0,1.98,1.88,1.98,1.88,1.88,1.85,,,3.0,3.3,2.32,2.75,3.3,2.38,2.8,3.25,2.3,2.85,3.3,2.35,2.88,3.2,2.4,2.88,3.4,2.38,3.0,3.4,2.45,2.86,3.27,2.37,3.1,3.4,2.52,1.93,1.93,1.93,1.93,1.88,1.85,2.0,1.96,0.25,1.8,2.05,1.8,2.05,1.74,2.0,1.85,2.16
POR,Liga I,P1,16/08/2026,18:00,Arouca,Moreirense,4,0,H,3,0,H,,2.14,0.49,14,5,6,1,10,9,5,3,3,4,0,0,2.01,3.3,3.7,2.05,3.25,3.4,2.05,3.2,3.4,2.1,3.25,3.4,2.05,3.3,3.4,2.05,3.25,3.3,2.15,3.3,3.7,2.07,3.26,3.46,2.18,3.4,3.65,2.1,1.7,2.15,1.7,2.09,1.67,2.16,1.75,-0.25,1.8,2.05,1.8,2.05,1.76,1.99,,,1.71,3.6,4.75,1.8,3.4,4.2,1.75,3.4,4.33,1.8,3.5,4.33,1.8,3.4,4.5,1.75,3.6,4.33,1.83,3.6,4.75,1.78,3.46,4.38,1.89,3.65,4.9,2.05,1.75,2.1,1.75,2.04,1.71,2.2,1.81,-0.5,1.75,2.05,1.8,2.05,1.77,1.95,1.89,2.11
POR,Liga I,P1,16/08/2026,20:30,Famalicao,Maritimo,1,2,A,1,1,D,,0.59,1.61,14,9,4,4,11,16,5,1,1,2,0,0,1.76,3.6,4.5,1.8,3.5,4.0,1.75,3.4,4.4,1.8,3.5,4.33,1.8,3.6,4.2,1.8,3.5,4.0,1.83,3.6,4.5,1.78,3.5,4.35,1.79,3.55,4.7,2.05,1.75,2.05,1.8,2.0,1.74,1.02,1.25,-0.75,2.05,1.8,2.05,1.8,1.99,1.75,,,1.68,3.5,5.0,1.73,3.5,4.33,1.7,3.4,4.75,1.75,3.5,4.75,1.7,3.4,5.0,1.7,3.5,5.0,1.75,3.55,5.25,1.72,3.47,4.87,1.81,3.6,5.8,2.1,1.7,2.15,1.7,2.1,1.67,2.26,1.78,-0.75,1.98,1.88,1.98,1.9,1.91,1.83,2.06,1.91
POR,Liga I,P1,17/08/2026,20:15,Casa Pia,Benfica,0,7,A,0,2,A,,0.12,3.04,3,20,0,8,11,13,1,3,3,0,1,0,13.0,6.0,1.19,12.0,6.0,1.2,12.0,6.0,1.18,11.0,6.25,1.23,13.0,6.0,1.18,10.0,5.5,1.17,14.5,6.5,1.25,11.72,6.05,1.21,16.5,6.6,1.25,1.57,2.35,1.6,2.38,1.57,2.28,,,1.75,1.95,1.9,1.95,1.9,1.91,1.83,,,13.0,6.5,1.17,13.0,6.5,1.17,13.0,6.0,1.17,13.0,7.0,1.19,15.0,7.0,1.14,14.0,7.5,1.14,16.0,7.5,1.2,13.88,6.84,1.17,,,,1.48,2.6,1.52,2.7,1.48,2.52,1.53,2.82,2.0,1.85,2.0,1.93,2.0,1.84,1.9,1.99,1.94
TUR,Futbol Ligi 1,T1,14/08/2026,19:30,Galatasaray,Corum,2,2,D,0,0,D,,2.9,0.61,38,8,13,3,11,6,8,1,1,0,0,1,1.25,5.75,9.0,1.25,5.5,10.0,1.25,5.25,9.5,1.29,5.5,9.0,1.22,5.0,10.0,1.25,5.0,9.0,1.3,5.75,11.0,1.26,5.39,9.38,1.32,6.0,12.0,1.53,2.4,1.55,2.63,1.51,2.41,1.61,2.6,-1.5,1.8,2.0,1.8,2.0,1.76,1.95,1.83,2.06,1.33,5.0,7.5,1.3,5.0,8.0,1.33,5.0,8.0,1.38,4.8,7.5,1.3,4.5,7.5,1.33,4.33,7.0,1.4,5.25,8.5,1.34,4.91,7.65,1.42,5.2,9.4,1.53,2.4,1.55,2.5,1.52,2.39,1.64,2.52,-1.5,2.0,1.8,2.0,1.83,1.92,1.79,2.04,1.92
TUR,Futbol Ligi 1,T1,15/08/2026,17:00,Kasimpasa,Trabzonspor,1,1,D,0,1,A,,1.86,0.86,9,13,4,5,17,9,3,10,2,0,0,0,4.2,3.75,1.76,3.75,3.6,1.83,3.8,3.5,1.83,3.75,3.6,1.87,3.8,3.6,1.8,3.6,3.5,1.8,4.2,3.75,1.91,3.83,3.6,1.84,4.2,3.6,1.89,1.8,2.0,1.8,2.0,1.75,1.98,1.79,2.04,0.5,1.98,1.83,1.98,1.83,1.9,1.8,1.98,1.89,3.7,3.4,1.96,3.75,3.4,1.9,3.7,3.5,1.93,3.6,3.4,1.98,3.75,3.25,1.9,3.6,3.2,1.91,3.85,3.7,2.0,3.72,3.41,1.92,4.2,3.45,2.08,2.0,1.8,2.0,1.95,1.86,1.86,2.04,1.94,0.5,1.8,2.0,1.9,2.0,1.82,1.88,1.91,2.08
TUR,Futbol Ligi 1,T1,15/08/2026,17:00,Konyaspor,Rizespor,0,1,A,0,0,D,,0.61,1.52,7,14,3,5,12,11,1,7,1,4,0,0,2.35,3.4,2.82,2.3,3.25,2.88,2.3,3.3,2.8,2.37,3.3,2.85,2.25,3.3,2.88,2.2,3.1,2.8,2.4,3.4,3.05,2.33,3.25,2.87,2.42,3.35,2.94,1.85,1.95,1.9,1.95,1.83,1.88,1.9,1.96,-0.25,2.08,1.73,2.08,1.8,2.01,1.74,2.09,1.79,2.32,3.3,3.0,2.3,3.2,2.88,2.3,3.3,3.0,2.4,3.2,2.87,2.3,3.0,2.88,2.25,3.0,2.88,2.4,3.3,3.0,2.34,3.17,2.94,2.54,3.35,3.15,2.05,1.75,2.05,1.93,1.88,1.83,2.02,1.93,0.0,1.68,2.15,1.73,2.15,1.67,2.1,1.8,2.23
TUR,Futbol Ligi 1,T1,15/08/2026,19:30,Gaziantep,Alanyaspor,1,1,D,0,1,A,,1.28,1.25,13,11,5,2,14,21,0,4,3,3,0,0,2.45,3.4,2.65,,,,2.45,3.3,2.63,2.5,3.4,2.65,2.4,3.4,2.63,2.38,3.25,2.5,2.5,3.45,2.75,2.46,3.34,2.65,2.58,3.05,2.8,1.9,1.9,1.9,1.91,1.84,1.86,1.81,1.96,0.0,1.8,2.0,1.8,2.0,1.78,1.94,1.78,1.97,2.4,3.2,2.85,,,,2.45,3.13,2.88,2.45,3.2,2.85,2.4,2.9,2.8,2.38,2.9,2.8,2.45,3.25,2.92,2.41,3.11,2.86,2.68,3.25,3.1,2.25,1.62,2.25,1.7,2.13,1.65,2.3,1.74,0.0,1.7,2.1,1.73,2.1,1.71,2.05,1.85,2.14
TUR,Futbol Ligi 1,T1,15/08/2026,19:30,Genclerbirligi,Fenerbahce,2,1,H,1,1,D,,1.19,2.9,10,27,3,11,7,10,1,12,0,1,0,0,7.0,4.75,1.39,7.0,4.5,1.36,7.5,4.4,1.36,7.0,4.75,1.41,7.0,4.5,1.33,6.5,4.33,1.36,7.5,5.0,1.43,6.95,4.59,1.38,8.0,5.2,1.43,1.7,2.1,1.7,2.2,1.67,2.1,1.73,2.22,1.25,1.9,1.9,1.9,1.93,1.86,1.87,1.99,1.88,5.0,4.0,1.61,5.0,4.0,1.57,5.25,3.9,1.6,5.0,3.9,1.62,5.0,3.6,1.57,5.0,3.5,1.55,5.5,4.0,1.62,5.11,3.83,1.59,6.0,4.0,1.7,1.9,1.9,1.9,1.95,1.82,1.9,1.96,2.02,0.75,2.0,1.8,2.05,1.8,1.98,1.75,2.12,1.87
TUR,Futbol Ligi 1,T1,16/08/2026,17:00,Buyuksehyr,Kocaelispor,2,0,H,1,0,H,,1.96,0.44,17,8,5,4,14,14,8,2,2,2,0,0,1.46,4.0,7.0,1.44,4.0,6.5,1.44,4.0,6.5,1.49,4.2,6.25,1.44,4.0,6.5,1.44,3.8,6.0,1.51,4.5,7.0,1.46,4.08,6.41,1.48,4.3,6.8,1.85,1.95,1.85,1.95,1.83,1.88,1.86,1.95,-1.0,1.8,2.0,1.85,2.0,1.78,1.95,,,1.62,3.6,5.25,1.62,3.75,5.0,1.62,3.75,5.25,1.66,3.7,5.0,1.62,3.5,5.0,1.62,3.4,5.0,1.67,3.8,5.5,1.63,3.64,5.18,1.74,3.8,5.9,1.9,1.9,2.0,1.9,1.93,1.79,2.06,1.9,-0.75,1.85,1.95,1.85,2.0,1.79,1.94,1.94,2.04
TUR,Futbol Ligi 1,T1,16/08/2026,19:30,Amedspor,Erzurumspor,3,0,H,0,0,D,,1.51,0.24,13,5,5,1,10,12,4,4,1,0,0,0,2.2,3.4,3.1,2.25,3.5,2.8,2.25,3.3,2.88,2.3,3.4,2.85,2.2,3.5,2.8,2.15,3.4,2.7,2.37,3.55,3.1,2.26,3.41,2.86,2.3,3.35,3.0,1.8,2.0,1.8,2.0,1.78,1.95,1.04,2.0,-0.25,1.98,1.83,1.98,1.83,1.95,1.79,,,2.05,3.4,3.4,2.15,3.4,3.0,2.1,3.4,3.3,2.2,3.3,3.2,2.1,3.0,3.4,2.05,2.9,3.3,2.2,3.4,3.4,2.13,3.29,3.26,2.28,3.4,3.7,1.85,1.95,1.87,2.0,1.82,1.91,1.93,2.04,-0.25,1.83,1.98,1.83,1.98,1.8,1.93,1.94,2.04
TUR,Futbol Ligi 1,T1,16/08/2026,19:30,Besiktas,Eyupspor,1,0,H,1,0,H,,1.29,0.09,19,4,5,1,20,14,8,2,2,3,0,1,1.3,5.0,9.0,1.3,5.0,8.5,1.29,5.0,8.5,1.33,5.0,8.5,1.25,5.0,7.5,1.25,4.8,7.5,1.33,5.75,9.7,1.29,5.12,8.37,1.35,5.8,9.2,1.53,2.4,1.55,2.55,1.49,2.46,1.51,2.38,-1.5,1.95,1.85,1.95,1.92,1.86,1.85,,,1.27,5.25,9.0,1.29,5.0,8.5,1.29,5.5,8.5,1.32,5.25,8.5,1.3,4.5,8.0,1.33,4.5,7.0,1.33,5.5,9.0,1.31,5.2,8.21,1.41,5.2,9.4,1.48,2.6,1.5,2.63,1.47,2.54,1.55,2.78,-1.5,1.85,1.95,1.87,1.95,1.82,1.88,1.97,1.98
TUR,Futbol Ligi 1,T1,17/08/2026,19:30,Samsunspor,Goztep,3,3,D,2,1,H,,2.74,1.89,21,20,3,7,8,13,4,8,1,3,0,0,2.1,3.3,3.4,2.1,3.25,3.25,2.1,3.2,3.25,2.2,3.3,3.2,2.1,3.3,3.2,2.05,3.0,3.0,2.2,3.4,3.4,2.11,3.26,3.26,2.16,2.86,3.75,2.08,1.73,2.1,1.75,2.02,1.71,1.01,1.25,-0.25,1.85,1.95,1.85,1.95,1.8,1.93,,,2.15,3.3,3.25,2.1,3.3,3.2,2.15,3.4,3.2,2.2,3.25,3.2,2.1,3.1,3.1,2.1,3.0,3.1,2.25,3.4,3.4,2.15,3.28,3.2,2.3,3.5,3.5,1.85,1.95,1.91,1.95,1.86,1.85,2.0,1.99,-0.25,1.9,1.9,1.9,2.0,1.84,1.89,1.95,2.02
