Pais;Liga;Data;Hora;Mandante;Visitante;Odd_Home_FT;Odd_Draw_FT;Odd_Away_FT;Odd_Over25_FT;Odd_Under25_FT;Arbitro;Estadio;Capacidade;Status
EUA;USL Championship;30/09/2026;23:00;Sacramento Republic;Las Vegas Lights;0;0;0;0;0;-;Heart Health Park;11 569;Agendado
EUA;USL Championship;30/09/2026;21:00;FC Tulsa;New Mexico;0;0;0;0;0;-;ONEOK Field;7 833;Agendado
EUA;USL Championship;30/09/2026;20:30;Rhode Island;Indy Eleven;0;0;0;0;0;-;-;10 700;Agendado
EUA;USL Championship;30/09/2026;20:00;Miami FC;Sporting Jax;0;0;0;0;0;-;Riccardo Silva Stadium;20 000;Agendado
EUA;USL Championship;30/09/2026;20:00;Brooklyn;Detroit;0;0;0;0;0;-;Maimonides Park;7 000;Agendado
Brasil;Brasileirão Série B;29/09/2026;19:30;Botafogo-SP;Ponte Preta;0;0;0;0;0;-;Estádio Santa Cruz;29 292;Agendado
País de Gales;Premier League;29/09/2026;15:45;Cardiff Metropolitan;Haverfordwest;0;0;0;0;0;-;Cyncoed Campus;1 620;Agendado
México;Liga MX Feminina - Abertura;28/09/2026;22:06;Necaxa F;Toluca F;0;0;0;0;0;-;Estádio Victoria;23 851;Agendado
México;Liga MX Feminina - Abertura;28/09/2026;20:00;Leon F;Club America F;0;0;0;0;0;-;Estádio León;31 297;Agendado
Brasil;Brasileirão Série B;28/09/2026;19:30;América-MG;Juventude;0;0;0;0;0;-;Mineirão;61 927;Agendado
México;Liga MX Feminina - Abertura;28/09/2026;18:45;Atlante F;U.N.A.M. F;0;0;0;0;0;-;-;200;Agendado
Espanha;LaLiga2;28/09/2026;15:30;Leganés;Castellón;0;0;0;0;0;-;Estádio Municipal de Butarque;14 422;Agendado
México;Liga MX - Abertura;28/09/2026;00:00;Necaxa;Club America;0;0;0;0;0;-;Estádio Victoria;23 851;Agendado
México;Liga MX - Abertura;27/09/2026;22:00;Leon;Juarez;0;0;0;0;0;-;Estádio León;31 297;Agendado
México;Liga MX Feminina - Abertura;27/09/2026;21:06;Tigres F;Atlético San Luis F;0;0;0;0;0;-;Estádio Universitário;41 866;Agendado
EUA;MLS;27/09/2026;20:00;Columbus Crew;Inter Miami;0;0;0;0;0;-;-;20 371;Agendado
Brasil;Brasileirão Série B;27/09/2026;18:30;Fortaleza;Athletic Club;0;0;0;0;0;-;Castelão;64 846;Agendado
Espanha;LaLiga2;27/09/2026;16:00;Oviedo;Sporting Gijón;0;0;0;0;0;-;Estadio Nuevo Carlos Tartiere;30 500;Agendado
Brasil;Brasileirão Série B;27/09/2026;16:00;CRB;Cuiabá;0;0;0;0;0;-;Estádio Rei Pelé;19 105;Agendado
México;Liga MX Feminina - Abertura;27/09/2026;15:00;Puebla F;Monterrey F;0;0;0;0;0;-;Estadio Cuauhtémoc;47 704;Agendado
México;Liga MX - Abertura;27/09/2026;15:00;U.N.A.M.;Atlético San Luis;0;0;0;0;0;-;Estadio Olímpico Universitario;58 445;Agendado
Espanha;LaLiga2;27/09/2026;13:30;Eibar;Las Palmas;0;0;0;0;0;-;Estádio Municipal de Ipurua;8 164;Agendado
Espanha;LaLiga2;27/09/2026;13:30;Burgos;Eldense;0;0;0;0;0;-;Estádio El Plantío;12 194;Agendado
Espanha;LaLiga2;27/09/2026;11:15;Mallorca;Almería;0;0;0;0;0;-;Estadi Mallorca Son Moix;26 020;Agendado
Brasil;Brasileirão Série B;27/09/2026;11:00;Criciúma;Avaí;0;0;0;0;0;-;Estádio Heriberto Hülse;19 300;Agendado
Países Baixos;Eerste Divisie;27/09/2026;09:30;Graafschap;Den Bosch;0;0;0;0;0;-;De Vijverberg;12 600;Agendado
Espanha;LaLiga2;27/09/2026;09:00;Valladolid;Córdoba;0;0;0;0;0;-;Estadio José Zorrilla;27 618;Agendado
EUA;MLS;26/09/2026;23:30;Vancouver Whitecaps;DC United;0;0;0;0;0;-;BC Place;54 405;Agendado
EUA;MLS;26/09/2026;23:30;San Jose Earthquakes;Portland Timbers;0;0;0;0;0;-;PayPal Park;18 251;Agendado
EUA;MLS;26/09/2026;23:30;Los Angeles Galaxy;Colorado Rapids;0;0;0;0;0;-;Dignity Health Sports Park;27 000;Agendado
EUA;USL Championship;26/09/2026;23:00;Orange County SC;Pittsburgh;0;0;0;0;0;-;Championship Soccer Stadium;5 500;Agendado
EUA;USL Championship;26/09/2026;23:00;Oakland Roots;Phoenix Rising;0;0;0;0;0;-;Laney College Football Stadium;5 500;Agendado
EUA;USL Championship;26/09/2026;23:00;Monterey Bay;Lexington;0;0;0;0;0;-;Cardinale Stadium;6 000;Agendado
EUA;MLS;26/09/2026;22:30;Real Salt Lake;New England Revolution;0;0;0;0;0;-;America First Field;20 213;Agendado
México;Liga MX Feminina - Abertura;26/09/2026;22:06;Juarez F;Tijuana F;0;0;0;0;0;-;Estádio Olímpico Benito Juárez;19 703;Agendado
México;Liga MX - Abertura;26/09/2026;22:00;Tigres;Puebla;0;0;0;0;0;-;Estádio Universitário;41 866;Agendado
México;Liga MX - Abertura;26/09/2026;22:00;Santos Laguna;Pachuca;0;0;0;0;0;-;Estádio Corona;29 101;Agendado
EUA;USL Championship;26/09/2026;22:00;New Mexico;Sacramento Republic;0;0;0;0;0;-;Rio Grande Credit Union Field at Isotopes Park;13 500;Agendado
EUA;USL Championship;26/09/2026;21:30;San Antonio;Tampa Bay;0;0;0;0;0;-;Toyota Field;8 296;Agendado
EUA;MLS;26/09/2026;21:30;Seattle Sounders;Minnesota;0;0;0;0;0;-;Lumen Field;72 000;Agendado
EUA;MLS;26/09/2026;21:30;Nashville SC;Toronto FC;0;0;0;0;0;-;Geodis Park;30 109;Agendado
EUA;MLS;26/09/2026;21:30;Houston Dynamo;Sporting Kansas City;0;0;0;0;0;-;Shell Energy Stadium;22 039;Agendado
EUA;MLS;26/09/2026;21:30;FC Dallas;Los Angeles FC;0;0;0;0;0;-;Toyota Stadium;20 500;Agendado
EUA;MLS;26/09/2026;21:30;Austin FC;San Diego FC;0;0;0;0;0;-;Q2 Stadium;20 738;Agendado
EUA;MLS;26/09/2026;20:30;Philadelphia Union;Orlando City;0;0;0;0;0;-;Subaru Park;18 500;Agendado
EUA;MLS;26/09/2026;20:30;New York Red Bulls;St. Louis City;0;0;0;0;0;-;-;25 000;Agendado
EUA;MLS;26/09/2026;20:30;Charlotte;Chicago Fire;0;0;0;0;0;-;Estádio Bank of America;74 867;Agendado
EUA;MLS;26/09/2026;20:30;CF Montreal;Cincinnati;0;0;0;0;0;-;Saputo Stadium;23 112;Agendado
EUA;MLS;26/09/2026;20:30;Atlanta Utd;New York City;0;0;0;0;0;-;Mercedes-Benz Stadium;71 000;Agendado
México;Liga MX - Abertura;26/09/2026;20:07;Guadalajara;Querétaro;0;0;0;0;0;-;Estádio Akron;46 232;Agendado
México;Liga MX Feminina - Abertura;26/09/2026;20:00;Pachuca F;Santos Laguna F;0;0;0;0;0;-;Estádio Miguel Hidalgo;25 922;Agendado
México;Liga MX - Abertura;26/09/2026;20:00;Cruz Azul;Toluca;0;0;0;0;0;-;-;87 523;Agendado
EUA;USL Championship;26/09/2026;20:00;Indy Eleven;Miami FC;0;0;0;0;0;-;Michael A. Carroll Stadium;12 111;Agendado
EUA;USL Championship;26/09/2026;20:00;Detroit;Colorado Springs;0;0;0;0;0;-;Keyworth Stadium;7 933;Agendado
EUA;USL Championship;26/09/2026;20:00;Charleston;Rhode Island;0;0;0;0;0;-;Patriots Point Soccer Complex;5 000;Agendado
Brasil;Brasileirão Série B;26/09/2026;18:30;Goiás;Atlético-GO;0;0;0;0;0;-;Estádio da Serrinha;14 450;Agendado
Brasil;Brasileirão Série B;26/09/2026;16:30;Operário;Ceará;0;0;0;0;0;-;Estádio Germano Krüger;10 632;Agendado
Brasil;Brasileirão Série B;26/09/2026;16:30;Náutico;Sport;0;0;0;0;0;-;Estádio Eládio de Barros Carvalho;22 856;Agendado
México;Liga MX Feminina - Abertura;26/09/2026;15:06;Querétaro F;Atlas F;0;0;0;0;0;-;Estadio La Corregidora;34 107;Agendado
Países Baixos;Eerste Divisie;26/09/2026;15:00;Roda;Waalwijk;0;0;0;0;0;-;Parkstad Limburg Stadion;19 979;Agendado
Países Baixos;Eerste Divisie;26/09/2026;15:00;Maastricht;Helmond;0;0;0;0;0;-;De Geusselt;10 000;Agendado
Países Baixos;Eerste Divisie;26/09/2026;15:00;FC Volendam;Venlo;0;0;0;0;0;-;Estádio Kras;6 984;Agendado
Países Baixos;Eerste Divisie;26/09/2026;15:00;FC Emmen;Oss;0;0;0;0;0;-;De Oude Meerdijk;8 309;Agendado
Países Baixos;Eerste Divisie;26/09/2026;15:00;Breda;Eindhoven;0;0;0;0;0;-;Rat Verlegh Stadion;20 500;Agendado
Inglaterra;League Two;26/09/2026;13:30;Oldham;Salford;0;0;0;0;0;-;Boundary Park;13 513;Agendado
Espanha;LaLiga2;26/09/2026;13:30;Tenerife;Cádiz;0;0;0;0;0;-;Estadio Heliodoro Rodríguez López;22 824;Agendado
Espanha;LaLiga2;26/09/2026;13:30;Celta Vigo B;Sabadell;0;0;0;0;0;-;Estadio Balaídos;24 870;Agendado
Países Baixos;Eerste Divisie;26/09/2026;11:30;Heracles;Vitesse;0;0;0;0;0;-;Asito Stadium;12 242;Agendado
Espanha;LaLiga2;26/09/2026;11:15;Granada;Andorra;0;0;0;0;0;-;Estádio Nuevo Los Cármenes;22 524;Agendado
Inglaterra;League Two;26/09/2026;11:00;York;Gillingham FC;0;0;0;0;0;-;York Community Stadium;8 500;Agendado
Inglaterra;League Two;26/09/2026;11:00;Tranmere;Walsall;0;0;0;0;0;-;Prenton Park;16 587;Agendado
Inglaterra;League Two;26/09/2026;11:00;Swindon;Accrington;0;0;0;0;0;-;County Ground;15 728;Agendado
Inglaterra;League Two;26/09/2026;11:00;Shrewsbury;Colchester;0;0;0;0;0;-;The Croud Meadow;9 877;Agendado
Inglaterra;League Two;26/09/2026;11:00;Rotherham;Crewe;0;0;0;0;0;-;Aesseal New York Stadium;12 021;Agendado
Inglaterra;League Two;26/09/2026;11:00;Port Vale;Northampton;0;0;0;0;0;-;Vale Park;19 052;Agendado
Inglaterra;League Two;26/09/2026;11:00;Newport;Grimsby;0;0;0;0;0;-;Rodney Parade;7 850;Agendado
Inglaterra;League Two;26/09/2026;11:00;Fleetwood;Rochdale;0;0;0;0;0;-;Estádio Highbury;5 327;Agendado
Inglaterra;League Two;26/09/2026;11:00;Cheltenham;Chesterfield;0;0;0;0;0;-;Whaddon Road;7 066;Agendado
Inglaterra;League Two;26/09/2026;11:00;Bristol Rovers;Exeter;0;0;0;0;0;-;Estádio Memorial;12 500;Agendado
Inglaterra;League One;26/09/2026;11:00;Wycombe;Reading;0;0;0;0;0;-;Adams Park;10 137;Agendado
Inglaterra;League One;26/09/2026;11:00;Stockport;Peterborough;0;0;0;0;0;-;Edgeley Park;10 841;Agendado
Inglaterra;League One;26/09/2026;11:00;Stevenage;Sheffield Wednesday;0;0;0;0;0;-;-;7 318;Agendado
Inglaterra;League One;26/09/2026;11:00;Plymouth;Burton;0;0;0;0;0;-;Home Park;18 173;Agendado
Inglaterra;League One;26/09/2026;11:00;Notts County;Blackpool;0;0;0;0;0;-;Meadow Lane;20 211;Agendado
Inglaterra;League One;26/09/2026;11:00;Milton Keynes;Bromley;0;0;0;0;0;-;Stadium MK;30 500;Agendado
Inglaterra;League One;26/09/2026;11:00;Mansfield;Leyton Orient;0;0;0;0;0;-;One Call Stadium;10 022;Agendado
Inglaterra;League One;26/09/2026;11:00;Leicester;Wigan;0;0;0;0;0;-;King Power Stadium;32 261;Agendado
Inglaterra;League One;26/09/2026;11:00;Huddersfield;Luton;0;0;0;0;0;-;-;24 121;Agendado
Inglaterra;League One;26/09/2026;11:00;Doncaster;Oxford Utd;0;0;0;0;0;-;Eco-Power Stadium;15 231;Agendado
Inglaterra;League One;26/09/2026;11:00;Cambridge Utd;Wimbledon;0;0;0;0;0;-;Estádio Abbey;7 937;Agendado
Inglaterra;League One;26/09/2026;11:00;Bradford City;Barnsley;0;0;0;0;0;-;Valley Parade;25 136;Agendado
País de Gales;Premier League;26/09/2026;10:30;Trefelin;TNS;0;0;0;0;0;-;-;-;Agendado
País de Gales;Premier League;26/09/2026;10:30;Penybont;Airbus;0;0;0;0;0;-;Bryntirion Park;3 000;Agendado
País de Gales;Premier League;26/09/2026;10:30;Holywell;Briton Ferry;0;0;0;0;0;-;-;-;Agendado
País de Gales;Premier League;26/09/2026;10:30;Flint;Ammanford;0;0;0;0;0;-;Essity Stadium;3 000;Agendado
País de Gales;Premier League;26/09/2026;10:30;Colwyn Bay;Haverfordwest;0;0;0;0;0;-;Llanelian Road;3 000;Agendado
País de Gales;Premier League;26/09/2026;10:30;Cardiff Metropolitan;Caernarfon;0;0;0;0;0;-;Cyncoed Campus;1 620;Agendado
País de Gales;Premier League;26/09/2026;10:30;Cambrian United;Llandudno;0;0;0;0;0;-;-;-;Agendado
País de Gales;Premier League;26/09/2026;10:30;Barry;Connah's Q.;0;0;0;0;0;-;Jenner Park;2 650;Agendado
Espanha;LaLiga2;26/09/2026;09:00;Ceuta;Real Sociedad B;0;0;0;0;0;-;Estádio Municipal Alfonso Murube;6 500;Agendado
Inglaterra;League Two;26/09/2026;08:30;Crawley;Barnet;0;0;0;0;0;-;The People’s Pension Stadium;6 134;Agendado
México;Liga MX - Abertura;26/09/2026;00:00;Tijuana;Atlas;0;0;0;0;0;-;Estádio Caliente;29 533;Agendado
México;Liga MX Feminina - Abertura;25/09/2026;22:00;Cruz Azul F;Guadalajara F;0;0;0;0;0;-;-;9 670;Agendado
México;Liga MX - Abertura;25/09/2026;22:00;Atlante;Monterrey;0;0;0;0;0;-;-;87 523;Agendado
EUA;USL Championship;25/09/2026;22:00;El Paso;FC Tulsa;0;0;0;0;0;-;Southwest University Park;10 000;Agendado
EUA;USL Championship;25/09/2026;20:30;Sporting Jax;Loudoun;0;0;0;0;0;-;-;12 000;Agendado
Brasil;Brasileirão Série B;25/09/2026;20:30;Vila Nova;Londrina;0;0;0;0;0;-;Estádio Onésio Brasileiro Alvarenga;11 788;Agendado
EUA;USL Championship;25/09/2026;20:00;Hartford Athletic;Louisville City;0;0;0;0;0;-;Trinity Health Stadium;10 000;Agendado
Brasil;Brasileirão Série B;25/09/2026;19:30;Novorizontino;São Bernardo;0;0;0;0;0;-;Estádio Dr. Jorge Ismael de Biasi;14 096;Agendado
Países Baixos;Eerste Divisie;25/09/2026;16:00;Dordrecht;Almere City;0;0;0;0;0;-;M-Scores Stadion;4 100;Agendado
Escócia;Championship;25/09/2026;15:45;Raith;Livingston;0;0;0;0;0;-;Stark's Park;8 867;Agendado
Escócia;Championship;25/09/2026;15:45;Inverness;Morton;0;0;0;0;0;-;Estádio Tulloch Caledonian;7 512;Agendado
Escócia;Championship;25/09/2026;15:45;Dunfermline;Partick;0;0;0;0;0;-;East End Park;11 480;Agendado
Escócia;Championship;25/09/2026;15:45;Ayr;Stenhousemuir;0;0;0;0;0;-;Somerset Park;10 185;Agendado
Escócia;Championship;25/09/2026;15:45;Arbroath;Queen's Park;0;0;0;0;0;-;Gayfield Park;6 600;Agendado
Espanha;LaLiga2;25/09/2026;15:30;Girona;Albacete;0;0;0;0;0;-;Estádio Municipal de Montilivi;14 624;Agendado
EUA;MLS;23/09/2026;22:30;Seattle Sounders;Real Salt Lake;1,56;4,1;5,5;1,73;2,08;-;Lumen Field;72 000;Agendado
EUA;USL Championship;23/09/2026;13:00;Birmingham;Brooklyn;0;0;0;0;0;-;Protective Stadium;47 100;Agendado
México;Liga MX Feminina - Abertura;21/09/2026;22:06;Santos Laguna F;Cruz Azul F;0;0;0;0;0;-;Estádio Corona;29 101;Agendado
Brasil;Brasileirão Série B;21/09/2026;21:30;Cuiabá;Náutico;0;0;0;0;0;-;Arena Pantanal;44 000;Agendado
México;Liga MX Feminina - Abertura;21/09/2026;21:00;Toluca F;Tigres F;0;0;0;0;0;-;Estadio Nemesio Díez;27 273;Agendado
México;Liga MX Feminina - Abertura;21/09/2026;20:00;Leon F;Juarez F;0;0;0;0;0;-;Estádio León;31 297;Agendado
Brasil;Brasileirão Série B;21/09/2026;19:30;Criciúma;Operário;0;0;0;0;0;-;Estádio Heriberto Hülse;19 300;Agendado
México;Liga MX Feminina - Abertura;21/09/2026;18:45;Atlante F;Querétaro F;0;0;0;0;0;-;-;200;Agendado
México;Liga MX - Abertura;20/09/2026;23:00;Querétaro;Leon;0;0;0;0;0;-;Estadio La Corregidora;34 107;Agendado
México;Liga MX - Abertura;20/09/2026;21:00;Toluca;Santos Laguna;0;0;0;0;0;-;Estadio Nemesio Díez;27 273;Agendado
México;Liga MX - Abertura;20/09/2026;21:00;Pachuca;Tijuana;0;0;0;0;0;-;Estádio Miguel Hidalgo;25 922;Agendado
México;Liga MX Feminina - Abertura;20/09/2026;20:00;Atlético San Luis F;Pachuca F;0;0;0;0;0;-;-;28 429;Agendado
EUA;USL Championship;20/09/2026;20:00;Sacramento Republic;San Antonio;0;0;0;0;0;-;Heart Health Park;11 569;Agendado
EUA;MLS;20/09/2026;20:00;Inter Miami;San Diego FC;0;0;0;0;0;-;-;26 700;Agendado
Brasil;Brasileirão Betano;20/09/2026;19:30;Athletico-PR;Bahia;1,96;3,3;3,75;2,05;1,75;-;-;42 372;Agendado
México;Liga MX Feminina - Abertura;20/09/2026;18:45;Club America F;Atlas F;0;0;0;0;0;-;-;87 523;Agendado
Brasil;Brasileirão Série B;20/09/2026;18:30;Londrina;Fortaleza;0;0;0;0;0;-;-;8 000;Agendado
Brasil;Brasileirão Betano;20/09/2026;18:30;Flamengo;Red Bull Bragantino;1,35;4,5;8;1,75;2,05;-;Maracanã;78 838;Agendado
EUA;USL Championship;20/09/2026;18:00;Indy Eleven;Oakland Roots;0;0;0;0;0;-;Michael A. Carroll Stadium;12 111;Agendado
Portugal;Liga Portugal;20/09/2026;16:30;Porto;Benfica;0;0;0;0;0;-;Estádio do Dragão;50 033;Agendado
Espanha;LaLiga2;20/09/2026;16:00;Leganés;Granada;0;0;0;0;0;-;Estádio Municipal de Butarque;14 422;Agendado
Espanha;LaLiga;20/09/2026;16:00;Valencia;Real Sociedad;0;0;0;0;0;-;Mestalla;49 430;Agendado
Brasil;Brasileirão Série B;20/09/2026;16:00;Goiás;Avaí;0;0;0;0;0;-;Estádio da Serrinha;14 450;Agendado
Brasil;Brasileirão Betano;20/09/2026;16:00;Vitória;Cruzeiro;2,65;3,2;2,5;2,15;1,67;-;Barradão;34 535;Agendado
Brasil;Brasileirão Betano;20/09/2026;16:00;Corinthians;Fluminense;2,25;3,1;3,2;2,4;1,53;-;Neo Química Arena;49 205;Agendado
Itália;Serie A;20/09/2026;15:45;AC Milan;Lecce;1,36;4,5;8,5;1,8;2;-;Stadio Giuseppe Meazza (San Siro);80 018;Agendado
França;Ligue 1;20/09/2026;15:45;Marseille;PSG;4,33;4,1;1,7;1,44;2,75;-;Stade Vélodrome;67 394;Agendado
Polônia;Ekstraklasa;20/09/2026;15:15;Lech;Radomiak Radom;0;0;0;0;0;-;Enea Stadium;42 837;Agendado
México;Liga MX Feminina - Abertura;20/09/2026;15:00;U.N.A.M. F;Puebla F;0;0;0;0;0;-;Estadio Olímpico Universitario;58 445;Agendado
Croácia;HNL;20/09/2026;15:00;Din. Zagreb;Lok. Zagreb;0;0;0;0;0;-;Stadion Maksimir;35 423;Agendado
Itália;Serie B;20/09/2026;14:30;Modena;Empoli;0;0;0;0;0;-;Stadio Alberto Braglia;21 092;Agendado
Alemanha;3. Liga;20/09/2026;14:30;Wehen;Duisburg;0;0;0;0;0;-;BRITA-Arena;12 566;Agendado
Alemanha;Bundesliga;20/09/2026;14:30;Paderborn;Hoffenheim;4,33;4,1;1,65;1,44;2,75;-;Home Deluxe Arena;15 000;Agendado
Noruega;Eliteserien;20/09/2026;14:15;Brann;Bodo/Glimt;0;0;0;0;0;-;Brann Stadion;16 750;Agendado
Bélgica;Liga Jupiler;20/09/2026;14:15;Kortrijk;Beveren;0;0;0;0;0;-;Estádio Guldensporen;9 399;Agendado
Turquia;Super Lig;20/09/2026;14:00;Goztepe;Rizespor;0;0;0;0;0;-;Gürsel Aksel Stadyumu;23 376;Agendado
Turquia;Super Lig;20/09/2026;14:00;Amedspor;Besiktas;0;0;0;0;0;-;Diyarbakir Stadium;33 000;Agendado
Portugal;Liga Portugal;20/09/2026;14:00;Santa Clara;Braga;0;0;0;0;0;-;Estádio de São Miguel;13 277;Agendado
Portugal;Liga Portugal;20/09/2026;14:00;Estoril;Casa Pia;0;0;0;0;0;-;Estádio Antônio Coimbra da Mota;5 100;Agendado
Espanha;LaLiga2;20/09/2026;13:30;Las Palmas;Burgos;0;0;0;0;0;-;Estadio Gran Canaria;32 392;Agendado
Espanha;LaLiga2;20/09/2026;13:30;Almería;Celta Vigo B;0;0;0;0;0;-;-;17 400;Agendado
Espanha;LaLiga;20/09/2026;13:30;Villarreal;Levante;0;0;0;0;0;-;Estadio de la Ceramica;23 000;Agendado
Espanha;LaLiga;20/09/2026;13:30;A Coruna;Bétis;0;0;0;0;0;-;Estadio Riazor;32 490;Agendado
Bélgica;Liga Jupiler;20/09/2026;13:30;Club Brugge;Genk;0;0;0;0;0;-;Jan Breydel Stadion;29 062;Agendado
República Tcheca;Chance Liga;20/09/2026;13:00;Slavia Praga;Plzen;0;0;0;0;0;-;Fortuna Arena;19 370;Agendado
Itália;Serie A;20/09/2026;13:00;Juventus;Atalanta;1,6;4;5,25;1,73;2,1;-;Allianz Stadium;41 507;Agendado
Islândia;Besta-deild karla;20/09/2026;13:00;Vestmannaeyjar;Valur;0;0;0;0;0;-;Hásteinsvöllur;1 500;Agendado
Islândia;Besta-deild karla;20/09/2026;13:00;Keflavik;Fram;0;0;0;0;0;-;Keflavíkurvöllur;4 000;Agendado
Islândia;Besta-deild karla;20/09/2026;13:00;Hafnarfjordur;Stjarnan;0;0;0;0;0;-;Kaplakriki;2 200;Agendado
Islândia;Besta-deild karla;20/09/2026;13:00;Akranes;Breidablik;0;0;0;0;0;-;Akranesvöllur;4 850;Agendado
Estônia;Meistriliiga;20/09/2026;13:00;Flora;Parnu JK Vaprus;0;0;0;0;0;-;A. Le Coq Arena;14 336;Agendado
Dinamarca;Superliga;20/09/2026;13:00;Viborg;Nordsjaelland;0;0;0;0;0;-;Energi Viborg Arena;9 566;Agendado
Polônia;Ekstraklasa;20/09/2026;12:30;Jagiellonia;Legia;0;0;0;0;0;-;Chorten Arena;22 432;Agendado
Inglaterra;Premier League;20/09/2026;12:30;Fulham;Manchester Utd;3,5;3,7;1,95;1,57;2,38;-;Craven Cottage;29 589;Agendado
Alemanha;Bundesliga;20/09/2026;12:30;Schalke;Elversberg;2,1;3,4;3,25;1,67;2,2;-;Veltins Arena;62 271;Agendado
Itália;Serie B;20/09/2026;12:15;Mantova;Pisa;0;0;0;0;0;-;Stadio Danilo Martelli;11 219;Agendado
França;Ligue 1;20/09/2026;12:15;Nice;Lille;3,4;3,4;2,05;1,91;1,91;-;Allianz Riviera;36 178;Agendado
Polônia;Divisão 1;20/09/2026;12:00;Podbeskidzie;Skierniewice;0;0;0;0;0;-;Stadion Miejski w Bielsku Bialej;15 316;Agendado
Noruega;OBOS-ligaen;20/09/2026;12:00;Stabaek;Sogndal;0;0;0;0;0;-;Nadderud Stadion;4 938;Agendado
Noruega;OBOS-ligaen;20/09/2026;12:00;Sandnes;Moss;0;0;0;0;0;-;Øster Hus Arena;6 046;Agendado
Noruega;OBOS-ligaen;20/09/2026;12:00;Raufoss;Strömsgodset;0;0;0;0;0;-;NAMMO Stadion;1 800;Agendado
Noruega;OBOS-ligaen;20/09/2026;12:00;Odd Grenland;Egersunds;0;0;0;0;0;-;Arena Skagerak;12 000;Agendado
Noruega;OBOS-ligaen;20/09/2026;12:00;Lyn;Ranheim;0;0;0;0;0;-;Bislett Stadium;15 400;Agendado
Noruega;OBOS-ligaen;20/09/2026;12:00;Kongsvinger;Hødd;0;0;0;0;0;-;Gjemselund Stadion;5 824;Agendado
Noruega;OBOS-ligaen;20/09/2026;12:00;Haugesund;Strømmen;0;0;0;0;0;-;Estádio Haugesund;8 754;Agendado
Noruega;Eliteserien;20/09/2026;12:00;Viking;Lilleström;0;0;0;0;0;-;-;16 600;Agendado
Noruega;Eliteserien;20/09/2026;12:00;Tromsö;HamKam;0;0;0;0;0;-;Romssa Arena;6 687;Agendado
Noruega;Eliteserien;20/09/2026;12:00;Sandefjord;Start;0;0;0;0;0;-;Sandefjord Arena;6 582;Agendado
Croácia;HNL;20/09/2026;12:00;Rijeka;Hajduk Split;0;0;0;0;0;-;Stadion HNK Rijeka;8 279;Agendado
Áustria;Bundesliga;20/09/2026;12:00;Red Bull Salzburg;Sturm Graz;1,61;4,1;4,33;1,4;2,88;-;Red Bull Arena;30 188;Agendado
Países Baixos;Eerste Divisie;20/09/2026;11:45;Graafschap;Breda;0;0;0;0;0;-;De Vijverberg;12 600;Agendado
Países Baixos;Eredivisie;20/09/2026;11:45;Nijmegen;G.A. Eagles;1,53;4,5;5,25;1,33;3,4;-;Stadion de Goffert;12 650;Agendado
Suíça;Superliga;20/09/2026;11:30;Lausanne;Lugano;0;0;0;0;0;-;Stade de la Tuiliere;12 544;Agendado
Suíça;Superliga;20/09/2026;11:30;Basel;St. Gallen;0;0;0;0;0;-;St. Jakob-Park;38 512;Agendado
Suécia;Allsvenskan;20/09/2026;11:30;Mjallby;GAIS;0;0;0;0;0;-;Strandvallen;6 000;Agendado
Suécia;Allsvenskan;20/09/2026;11:30;Degerfors;Hammarby;0;0;0;0;0;-;Stora Valla;10 605;Agendado
Portugal;Liga Portugal;20/09/2026;11:30;Vitória de Guimarães;Moreirense;0;0;0;0;0;-;Estádio D. Afonso Henriques;29 917;Agendado
Portugal;Liga Portugal;20/09/2026;11:30;Estrela da Amadora;Académico Viseu;0;0;0;0;0;-;Estádio José Gomes;9 288;Agendado
Alemanha;3. Liga;20/09/2026;11:30;Mannheim;Munster;0;0;0;0;0;-;Carl-Benz Stadion;25 667;Agendado
Espanha;LaLiga2;20/09/2026;11:15;Ceuta;Valladolid;0;0;0;0;0;-;Estádio Municipal Alfonso Murube;6 500;Agendado
Espanha;LaLiga;20/09/2026;11:15;Atl. Madrid;Real Madrid;0;0;0;0;0;-;Metropolitano Stadium;70 692;Agendado
Turquia;Super Lig;20/09/2026;11:00;Fenerbahce;Eyupspor;0;0;0;0;0;-;-;47 430;Agendado
Turquia;Super Lig;20/09/2026;11:00;Erzurumspor;Samsunspor;0;0;0;0;0;-;Kâzım Karabekir Stadyumu;21 374;Agendado
Estônia;Meistriliiga;20/09/2026;11:00;Narva;Levadia;0;0;0;0;0;-;Narva Kalev-Fama staadion;1 000;Agendado
Dinamarca;Superliga;20/09/2026;11:00;Horsens;Aarhus;0;0;0;0;0;-;-;10 400;Agendado
Brasil;Brasileirão Série B;20/09/2026;11:00;Ponte Preta;CRB;0;0;0;0;0;-;Moisés Lucarelli;17 728;Agendado
Brasil;Brasileirão Betano;20/09/2026;11:00;Grêmio;Palmeiras;3,3;3,3;2,1;2,05;1,8;-;Arena do Grêmio;60 540;Agendado
Bélgica;Liga Jupiler;20/09/2026;11:00;St. Truiden;Westerlo;0;0;0;0;0;-;Daio Wasabi Stayen;17 850;Agendado
Alemanha;Bundesliga;20/09/2026;10:30;Leverkusen;RB Leipzig;1,9;4;3,3;1,36;3,2;-;BayArena;30 210;Agendado
Suécia;Superettan;20/09/2026;10:00;Helsingborg;Norrby;0;0;0;0;0;-;Olympia;16 000;Agendado
República Tcheca;Chance Liga;20/09/2026;10:00;Sigma Olomouc;Sparta Praga;0;0;0;0;0;-;Andrův stadión;12 450;Agendado
República Tcheca;Chance Liga;20/09/2026;10:00;Jablonec;Zlin;0;0;0;0;0;-;Stadion Střelnice;6 108;Agendado
Itália;Serie B;20/09/2026;10:00;Verona;Vicenza Virtus;0;0;0;0;0;-;Stadio Marc'Antonio Bentegodi;39 211;Agendado
Itália;Serie B;20/09/2026;10:00;Arezzo;Sudtirol;0;0;0;0;0;-;Citta di Arezzo;13 128;Agendado
Itália;Serie A;20/09/2026;10:00;Parma;Genoa;2,9;2,9;2,5;2,63;1,5;-;Stadio Ennio Tardini;27 906;Agendado
Itália;Serie A;20/09/2026;10:00;Frosinone;Como;5;3,9;1,62;1,62;2,3;-;Stadio Benito Stirpe;16 227;Agendado
Inglaterra;Premier League;20/09/2026;10:00;Manchester City;Sunderland;1,25;5,25;10;1,57;2,38;-;Etihad Stadium;61 038;Agendado
Inglaterra;Premier League;20/09/2026;10:00;Leeds;Crystal Palace;2;3,5;3,5;1,91;1,91;-;Elland Road;37 792;Agendado
Inglaterra;Premier League;20/09/2026;10:00;Bournemouth;Liverpool;3,1;3,7;2,05;1,5;2,63;-;Vitality Stadium;11 307;Agendado
França;Ligue 1;20/09/2026;10:00;Auxerre;Brest;2,63;3,3;2,55;1,91;1,91;-;Stade de l'Abbé-Deschamps;17 924;Agendado
Polônia;Ekstraklasa;20/09/2026;09:45;Zaglebie;Plock;0;0;0;0;0;-;KGHM Zaglebie Arena;16 086;Agendado
Polônia;Divisão 1;20/09/2026;09:30;Pogon Siedlce;Arka;0;0;0;0;0;-;Stadion ROSRRiT;2 901;Agendado
Países Baixos;Eredivisie;20/09/2026;09:30;Twente;PSV;2,9;4;2,05;1,3;3,5;-;De Grolsch Veste;30 000;Agendado
Países Baixos;Eredivisie;20/09/2026;09:30;Alkmaar;Telstar;1,27;5,75;9;1,29;3,6;-;AFAS Stadion;19 500;Agendado
Noruega;Eliteserien;20/09/2026;09:30;Vålerenga;Fredrikstad;0;0;0;0;0;-;Intility Arena;16 555;Agendado
Inglaterra;Championship;20/09/2026;09:30;Norwich;Bolton;0;0;0;0;0;-;Carrow Road;27 150;Agendado
Áustria;Bundesliga;20/09/2026;09:30;Ried;Wolfsberger;2,15;3,5;2,82;1,67;2,15;-;Innviertel Arena;7 300;Agendado
Áustria;Bundesliga;20/09/2026;09:30;Hartberg;LASK;5,75;4,33;1,45;1,48;2,6;-;Estádio Hartberg;5 024;Agendado
Suíça;Superliga;20/09/2026;09:00;Vaduz;Thun;0;0;0;0;0;-;Rheinpark Stadion;7 584;Agendado
Suécia;Allsvenskan;20/09/2026;09:00;Kalmar;Hacken;0;0;0;0;0;-;Arena Guldfågeln;12 150;Agendado
Suécia;Allsvenskan;20/09/2026;09:00;Halmstad;AIK Stockholm;0;0;0;0;0;-;Örjans Vall;11 100;Agendado
Suécia;Allsvenskan;20/09/2026;09:00;Djurgarden;Elfsborg;0;0;0;0;0;-;-;33 000;Agendado
Espanha;LaLiga2;20/09/2026;09:00;Sabadell;Oviedo;0;0;0;0;0;-;Estadi de la Nova Creu Alta;11 908;Agendado
Espanha;LaLiga;20/09/2026;09:00;Getafe;Málaga;0;0;0;0;0;-;Coliseum;16 500;Agendado
Dinamarca;Superliga;20/09/2026;09:00;Sonderjyske;Randers;0;0;0;0;0;-;Sydbank Park;10 100;Agendado
Dinamarca;Superliga;20/09/2026;09:00;Brondby;FC Copenhagen;0;0;0;0;0;-;Brøndby Stadion;29 000;Agendado
Estônia;Meistriliiga;20/09/2026;08:30;Tammeka;Kalju;0;0;0;0;0;-;Estádio Tamme;2 000;Agendado
Bélgica;Liga Jupiler;20/09/2026;08:30;Antwerp;Royale Union SG;0;0;0;0;0;-;Bosuilstadion;-;Agendado
Alemanha;3. Liga;20/09/2026;08:30;RW Essen;Rostock;0;0;0;0;0;-;Stadion an der Hafenstrasse;20 352;Agendado
Alemanha;2. Bundesliga;20/09/2026;08:30;Hannover;Bochum;0;0;0;0;0;-;Heinz-von-Heiden-Arena;49 200;Agendado
Alemanha;2. Bundesliga;20/09/2026;08:30;Cottbus;St. Pauli;0;0;0;0;0;-;LEAG Energie Stadion;22 450;Agendado
Alemanha;2. Bundesliga;20/09/2026;08:30;Bielefeld;Heidenheim;0;0;0;0;0;-;SchücoArena;27 332;Agendado
Suécia;Superettan;20/09/2026;08:00;Sundsvall;Ljungskile;0;0;0;0;0;-;NP3 Arena;8 500;Agendado
República Tcheca;Chance Liga;20/09/2026;08:00;Hradec Kralove;Teplice;0;0;0;0;0;-;-;9 300;Agendado
Inglaterra;Championship;20/09/2026;08:00;Wolverhampton;West Bromwich;0;0;0;0;0;-;Molineux Stadium;31 750;Agendado
Escócia;Premiership;20/09/2026;08:00;Celtic;Rangers;1,76;3,8;3,9;1,57;2,38;-;Celtic Park;60 411;Agendado
Itália;Serie A;20/09/2026;07:30;Fiorentina;Napoli;3,25;3,3;2,15;2;1,8;-;Stadio Artemio Franchi;43 147;Agendado
Polônia;Ekstraklasa;20/09/2026;07:15;Piast;Pogon Szczecin;0;0;0;0;0;-;Estádio Miejski w Gliwicach;10 037;Agendado
Países Baixos;Eredivisie;20/09/2026;07:15;Feyenoord;Utrecht;1,3;5,5;8;1,33;3,4;-;De Kuip;51 177;Agendado
Áustria;2. Liga;20/09/2026;05:30;Austria (Am);SK Rapid II;0;0;0;0;0;-;-;-;Agendado
México;Liga MX - Abertura;20/09/2026;00:00;Club America;Guadalajara;0;0;0;0;0;-;-;87 523;Agendado
EUA;USL Championship;19/09/2026;23:30;Las Vegas Lights;Hartford Athletic;0;0;0;0;0;-;Cashman Field;12 500;Agendado
EUA;MLS;19/09/2026;23:30;Portland Timbers;Atlanta Utd;0;0;0;0;0;-;Jeld-Wen Field;25 218;Agendado
EUA;USL Championship;19/09/2026;23:00;Phoenix Rising;El Paso;0;0;0;0;0;-;Wild Horse Pass Stadium;10 000;Agendado
EUA;MLS;19/09/2026;22:30;Real Salt Lake;Vancouver Whitecaps;0;0;0;0;0;-;America First Field;20 213;Agendado
EUA;MLS;19/09/2026;22:30;Nashville SC;Chicago Fire;0;0;0;0;0;-;Geodis Park;30 109;Agendado
EUA;MLS;19/09/2026;22:30;Colorado Rapids;Seattle Sounders;0;0;0;0;0;-;Dick's Sporting Goods Park;33 680;Agendado
México;Liga MX - Abertura;19/09/2026;22:00;Monterrey;Cruz Azul;0;0;0;0;0;-;-;53 500;Agendado
EUA;USL Championship;19/09/2026;22:00;Colorado Springs;New Mexico;0;0;0;0;0;-;Weidner Field;8 000;Agendado
EUA;MLS;19/09/2026;21:30;St. Louis City;Toronto FC;0;0;0;0;0;-;CITYPARK;22 423;Agendado
EUA;MLS;19/09/2026;21:30;Sporting Kansas City;Philadelphia Union;0;0;0;0;0;-;Children's Mercy Park;21 650;Agendado
EUA;MLS;19/09/2026;21:30;Minnesota;Los Angeles Galaxy;0;0;0;0;0;-;Allianz Field;19 400;Agendado
EUA;MLS;19/09/2026;21:30;Houston Dynamo;Cincinnati;0;0;0;0;0;-;Shell Energy Stadium;22 039;Agendado
EUA;MLS;19/09/2026;21:30;FC Dallas;Austin FC;0;0;0;0;0;-;Toyota Stadium;20 500;Agendado
Brasil;Brasileirão Betano;19/09/2026;21:00;São Paulo;Internacional;1,86;3,3;3,8;2,1;1,7;-;Estádio do MorumBIS;77 011;Agendado
EUA;USL Championship;19/09/2026;20:30;Tampa Bay;Birmingham;0;0;0;0;0;-;Al Lang Stadium;7 227;Agendado
EUA;USL Championship;19/09/2026;20:30;Rhode Island;Miami FC;0;0;0;0;0;-;-;10 700;Agendado
EUA;MLS;19/09/2026;20:30;San Jose Earthquakes;Los Angeles FC;0;0;0;0;0;-;PayPal Park;18 251;Agendado
EUA;MLS;19/09/2026;20:30;New England Revolution;Orlando City;0;0;0;0;0;-;Gillette Stadium;68 756;Agendado
EUA;MLS;19/09/2026;20:30;DC United;Charlotte;0;0;0;0;0;-;Audi Field;20 000;Agendado
EUA;MLS;19/09/2026;20:30;CF Montreal;Columbus Crew;0;0;0;0;0;-;Saputo Stadium;23 112;Agendado
Brasil;Brasileirão Betano;19/09/2026;20:30;Vasco;Coritiba;1,86;3,4;4,1;2,05;1,75;-;São Januário;21 880;Agendado
México;Liga MX Feminina - Abertura;19/09/2026;20:06;Tijuana F;Guadalajara F;0;0;0;0;0;-;Estádio Caliente;29 533;Agendado
México;Liga MX - Abertura;19/09/2026;20:00;Atlético San Luis;Necaxa;0;0;0;0;0;-;-;28 429;Agendado
México;Liga MX - Abertura;19/09/2026;20:00;Atlas;U.N.A.M.;0;0;0;0;0;-;Estadio Jalisco;55 020;Agendado
EUA;USL Championship;19/09/2026;20:00;Louisville City;Loudoun;0;0;0;0;0;-;Lynn Family Stadium;15 304;Agendado
EUA;USL Championship;19/09/2026;20:00;Lexington;Orange County SC;0;0;0;0;0;-;Toyota Stadium;5 000;Agendado
EUA;USL Championship;19/09/2026;20:00;Detroit;Pittsburgh;0;0;0;0;0;-;Keyworth Stadium;7 933;Agendado
EUA;USL Championship;19/09/2026;20:00;Charleston;Monterey Bay;0;0;0;0;0;-;Patriots Point Soccer Complex;5 000;Agendado
EUA;USL Championship;19/09/2026;20:00;Brooklyn;FC Tulsa;0;0;0;0;0;-;Maimonides Park;7 000;Agendado
Brasil;Brasileirão Série B;19/09/2026;18:30;Athletic Club;Botafogo-SP;0;0;0;0;0;-;Estádio Joaquim Portugal;6 000;Agendado
Brasil;Brasileirão Betano;19/09/2026;18:30;Remo;Santos;2,57;3,2;2,57;2,05;1,75;-;Estádio Evandro Almeida;13 792;Agendado
Brasil;Brasileirão Betano;19/09/2026;17:00;Mirassol;Botafogo;2,2;3,3;3,1;1,95;1,9;-;Estádio José Maria de Campos Maia;15 000;Agendado
Portugal;Liga Portugal;19/09/2026;16:30;Sporting;Arouca;0;0;0;0;0;-;Estádio José Alvalade;52 095;Agendado
Islândia;Besta-deild karla;19/09/2026;16:30;Akureyri;Thor Akureyri;0;0;0;0;0;-;Akureyrarvöllur;2 000;Agendado
Brasil;Brasileirão Série B;19/09/2026;16:30;Sport;Juventude;0;0;0;0;0;-;Estádio Adelmar da Costa Carvalho;26 418;Agendado
Países Baixos;Eredivisie;19/09/2026;16:00;Willem II;Sittard;2,63;3,7;2,38;1,53;2,4;-;Koning Willem II Stadion;14 700;Agendado
Espanha;LaLiga2;19/09/2026;16:00;Cádiz;Girona;0;0;0;0;0;-;-;20 776;Agendado
Espanha;LaLiga;19/09/2026;16:00;Sevilla;Barcelona;0;0;0;0;0;-;Estadio Ramón Sánchez Pizjuán;42 714;Agendado
Brasil;Brasileirão Betano;19/09/2026;16:00;Atlético-MG;Chapecoense;1,37;4,33;7,5;1,8;2;-;Arena MRV;47 465;Agendado
Itália;Serie A;19/09/2026;15:45;Venezia;Lazio;3;3,2;2,35;1,91;1,91;-;Stadio Pierluigi Penzo;12 048;Agendado
França;Ligue 1;19/09/2026;15:45;Toulouse;Le Havre;1,8;3,5;4,33;1,98;1,88;-;-;33 150;Agendado
França;Ligue 1;19/09/2026;15:45;Lyon;Rennes;1,95;3,8;3,5;1,5;2,63;-;Parc Olympique Lyonnais;59 186;Agendado
França;Ligue 1;19/09/2026;15:45;Le Mans;Lorient;2,88;3,3;2,45;1,85;2;-;Stade Marie-Marvingt;25 064;Agendado
França;Ligue 1;19/09/2026;15:45;Angers;Troyes;2,2;3,1;3,3;2,1;1,73;-;Stade Raymond-Kopa;18 752;Agendado
Bélgica;Liga Jupiler;19/09/2026;15:45;Lommel SK;KV Mechelen;0;0;0;0;0;-;Stedelijk Sportstadion;8 000;Agendado
Bélgica;Liga Jupiler;19/09/2026;15:45;Anderlecht;Waregem;0;0;0;0;0;-;Lotto Park;22 500;Agendado
Suíça;Superliga;19/09/2026;15:30;Sion;Zurich;0;0;0;0;0;-;Estádio de Tourbillon;14 283;Agendado
Alemanha;2. Bundesliga;19/09/2026;15:30;Dresden;Hertha;0;0;0;0;0;-;Rudolf-Harbig-Stadion;32 249;Agendado
Polônia;Ekstraklasa;19/09/2026;15:15;Motor Lublin;Gornik Zabrze;0;0;0;0;0;-;-;15 500;Agendado
Países Baixos;Eredivisie;19/09/2026;15:00;Ajax;Excelsior;1,33;5,25;7,5;1,4;2,88;-;Johan Cruijff Arena;55 865;Agendado
França;Ligue 2;19/09/2026;15:00;Metz;St. Etienne;0;0;0;0;0;-;Stade Saint-Symphorien;28 786;Agendado
Croácia;HNL;19/09/2026;15:00;Istra 1961;Gorica;0;0;0;0;0;-;Estádio Aldo Drosina;9 800;Agendado
Itália;Serie B;19/09/2026;14:30;Ascoli;Avellino;0;0;0;0;0;-;Stadio Cino e Lillo Del Duca;11 326;Agendado
Áustria;Bundesliga;19/09/2026;14:30;Grazer;Austria Vienna;2,4;3,3;2,65;2;1,8;-;Merkur-Arena;16 364;Agendado
Turquia;Super Lig;19/09/2026;14:00;Trabzonspor;Galatasaray;0;0;0;0;0;-;Papara Park;41 000;Agendado
Turquia;Super Lig;19/09/2026;14:00;Basaksehir;Genclerbirligi;0;0;0;0;0;-;Basaksehir Fatih Terim Stadium;17 156;Agendado
Portugal;Liga Portugal;19/09/2026;14:00;Alverca;Rio Ave;0;0;0;0;0;-;Estádio Complexo Desportivo de Alverca;7 705;Agendado
Polônia;Divisão 1;19/09/2026;14:00;Legnica;S. Rzeszow;0;0;0;0;0;-;Stadion im. Orła Białego;6 156;Agendado
Países Baixos;Eredivisie;19/09/2026;13:45;Sparta Rotterdam;Heerenveen;2,38;3,6;2,7;1,5;2,5;-;Sparta Stadion Het Kasteel;11 000;Agendado
Escócia;Premiership;19/09/2026;13:45;Kilmarnock;Hearts;4,5;3,9;1,62;1,62;2,3;-;Rugby Park;15 003;Agendado
País de Gales;Premier League;19/09/2026;13:30;TNS;Llandudno;0;0;0;0;0;-;Park Hall;2 000;Agendado
Inglaterra;Premier League;19/09/2026;13:30;Nottingham;Coventry;1,75;3,7;4,5;1,8;2;-;City Ground;31 042;Agendado
Espanha;LaLiga2;19/09/2026;13:30;Eldense;Eibar;0;0;0;0;0;-;Estadio Nuevo Pepico Amat;5 776;Agendado
Espanha;LaLiga2;19/09/2026;13:30;Castellón;Tenerife;0;0;0;0;0;-;Estádio Municipal de Castalia;15 500;Agendado
Espanha;LaLiga;19/09/2026;13:30;Celta de Vigo;Racing Santander;0;0;0;0;0;-;Estadio Balaídos;24 870;Agendado
Alemanha;Bundesliga;19/09/2026;13:30;Stuttgart;Dortmund;2,25;3,9;2,63;1,36;3,2;-;MHPArena;60 449;Agendado
Bélgica;Liga Jupiler;19/09/2026;13:15;Charleroi;Cercle Brugge;0;0;0;0;0;-;Stade du Pays de Charleroi;15 000;Agendado
Suíça;Superliga;19/09/2026;13:00;Young Boys;Servette;0;0;0;0;0;-;Stadion Wankdorf;31 500;Agendado
Suíça;Superliga;19/09/2026;13:00;Luzern;Grasshoppers;0;0;0;0;0;-;-;16 800;Agendado
Sérvia;Superliga;19/09/2026;13:00;Zeleznicar Pancevo;Cukaricki;0;0;0;0;0;-;Sportsko-Rekreativni Centar Mladost;2 300;Agendado
Sérvia;Superliga;19/09/2026;13:00;Vojvodina;IMT Novi Beograd;0;0;0;0;0;-;Estádio Karađorđe;14 853;Agendado
Sérvia;Superliga;19/09/2026;13:00;Radnik;Partizan;0;0;0;0;0;-;EFBET Stadion;3 312;Agendado
Sérvia;Superliga;19/09/2026;13:00;OFK Beograd;Radnicki 1923;0;0;0;0;0;-;-;-;Agendado
Sérvia;Superliga;19/09/2026;13:00;Novi Pazar;Zemun;0;0;0;0;0;-;Gradski Stadion;10 000;Agendado
Sérvia;Superliga;19/09/2026;13:00;Macva;Mladost;0;0;0;0;0;-;Stadion FK Mačva Šabac;-;Agendado
Sérvia;Superliga;19/09/2026;13:00;Crvena zvezda;Radnički Nis;0;0;0;0;0;-;Estádio Rajko Mitić;53 000;Agendado
República Tcheca;Chance Liga;19/09/2026;13:00;Slovacko;Ostrava;0;0;0;0;0;-;Městský fotbalový stadion Miroslava Valenty;8 000;Agendado
Noruega;Eliteserien;19/09/2026;13:00;Molde;Aalesund;0;0;0;0;0;-;Aker Stadion;11 249;Agendado
Itália;Serie A;19/09/2026;13:00;AS Roma;Inter;2,45;3,4;2,6;1,73;2,1;-;Stadio Olimpico;70 634;Agendado
Dinamarca;Superliga;19/09/2026;13:00;Odense;Midtjylland;0;0;0;0;0;-;Nature Energy Park;15 790;Agendado
Suécia;Allsvenskan;19/09/2026;12:30;Orgryte;Sirius;0;0;0;0;0;-;Gamla Ullevi;18 416;Agendado
Polônia;Ekstraklasa;19/09/2026;12:30;Katowice;Cracovia;0;0;0;0;0;-;Stadion miejski w Katowicach;15 048;Agendado
Áustria;2. Liga;19/09/2026;12:30;Polten;Bregenz;0;0;0;0;0;-;Arena NV;8 000;Agendado
Itália;Serie B;19/09/2026;12:15;Sampdoria;Catanzaro;0;0;0;0;0;-;Stadio Luigi Ferraris;36 599;Agendado
França;Ligue 1;19/09/2026;12:15;Paris FC;Strasbourg;2;3,6;3,3;1,67;2,2;-;Stade Jean Bouin;19 904;Agendado
Suécia;Superettan;19/09/2026;12:00;Sandviken;Örebro;0;0;0;0;0;-;Jernvallen;7 000;Agendado
Grécia;Superliga;19/09/2026;12:00;Volos;AEK;0;0;0;0;0;-;Panthessaliko Stadium;22 700;Agendado
Grécia;Superliga;19/09/2026;12:00;Panetolikos;PAOK;0;0;0;0;0;-;Estádio Panetolikos;7 321;Agendado
Grécia;Superliga;19/09/2026;12:00;OFI Crete;Asteras T.;0;0;0;0;0;-;Pankritio Stadium;26 240;Agendado
Grécia;Superliga;19/09/2026;12:00;Levadiakos;Olympiacos;0;0;0;0;0;-;Estádio Levadia;5 915;Agendado
Grécia;Superliga;19/09/2026;12:00;Kalamata;Panathinaikos;0;0;0;0;0;-;Estádio Metropolitano Kalamata;4 496;Agendado
Grécia;Superliga;19/09/2026;12:00;Atromitos;Kifisia;0;0;0;0;0;-;Peristeri Stadium;8 969;Agendado
Grécia;Superliga;19/09/2026;12:00;Aris;Iraklis;0;0;0;0;0;-;Kleanthis Vikelidis Stadium;22 800;Agendado
Croácia;HNL;19/09/2026;12:00;Varazdin;Osijek;0;0;0;0;0;-;-;8 818;Agendado
Áustria;Bundesliga;19/09/2026;12:00;A. Lustenau;Altach;2,75;3,4;2,25;1,85;1,95;-;Planet Pure Stadion;5 138;Agendado
Portugal;Liga Portugal;19/09/2026;11:30;Nacional;Famalicão;0;0;0;0;0;-;Estádio da Madeira;5 200;Agendado
Portugal;Liga Portugal;19/09/2026;11:30;Gil Vicente;Marítimo;0;0;0;0;0;-;Estádio Cidade de Barcelos;12 046;Agendado
Países Baixos;Eerste Divisie;19/09/2026;11:30;Vitesse;Jong PSV;0;0;0;0;0;-;Gelredome;21 248;Agendado
Países Baixos;Eredivisie;19/09/2026;11:30;Den Haag;Cambuur;1,67;4;4,5;1,48;2,6;-;-;15 000;Agendado
Alemanha;3. Liga;19/09/2026;11:30;Saarbrucken;Grossaspach;0;0;0;0;0;-;Ludwigspark Stadion;16 003;Agendado
Espanha;LaLiga2;19/09/2026;11:15;Andorra;Sporting Gijón;0;0;0;0;0;-;-;5 600;Agendado
Espanha;LaLiga;19/09/2026;11:15;Ath. Bilbao;Alavés;0;0;0;0;0;-;Estadio San Mamés;53 331;Agendado
Turquia;Super Lig;19/09/2026;11:00;Kocaelispor;Gaziantep;0;0;0;0;0;-;-;34 829;Agendado
Turquia;Super Lig;19/09/2026;11:00;Corum;Alanyaspor;0;0;0;0;0;-;Corum Stadyumu;15 000;Agendado
Noruega;OBOS-ligaen;19/09/2026;11:00;Åsane;Bryne;0;0;0;0;0;-;Asane Arena;3 500;Agendado
Noruega;Eliteserien;19/09/2026;11:00;Kristiansund;Rosenborg;0;0;0;0;0;-;Kristiansund Stadion;4 444;Agendado
Islândia;Besta-deild karla;19/09/2026;11:00;KR Reykjavik;Vikingur Reykjavik;0;0;0;0;0;-;KR-völlur;2 781;Agendado
Inglaterra;League Two;19/09/2026;11:00;Salford;Swindon;0;0;0;0;0;-;Peninsula Stadium;5 108;Agendado
Inglaterra;League Two;19/09/2026;11:00;Northampton;Rotherham;0;0;0;0;0;-;Estádio Sixfields;8 203;Agendado
Inglaterra;League Two;19/09/2026;11:00;Grimsby;Crawley;0;0;0;0;0;-;Blundell Park;9 052;Agendado
Inglaterra;League Two;19/09/2026;11:00;Gillingham FC;Bristol Rovers;0;0;0;0;0;-;Priestfield Stadium;11 582;Agendado
Inglaterra;League Two;19/09/2026;11:00;Exeter;Tranmere;0;0;0;0;0;-;St James Park;8 219;Agendado
Inglaterra;League Two;19/09/2026;11:00;Crewe;Shrewsbury;0;0;0;0;0;-;Alexandra Stadium;10 153;Agendado
Inglaterra;League Two;19/09/2026;11:00;Colchester;Cheltenham;0;0;0;0;0;-;Estádio Colchester Community;10 105;Agendado
Inglaterra;League Two;19/09/2026;11:00;Chesterfield;York;0;0;0;0;0;-;SMH Group Stadium;10 504;Agendado
Inglaterra;League Two;19/09/2026;11:00;Barnet;Fleetwood;0;0;0;0;0;-;The Hive Stadium;6 500;Agendado
Inglaterra;League Two;19/09/2026;11:00;Accrington;Newport;0;0;0;0;0;-;The Wham Stadium;5 450;Agendado
Inglaterra;League One;19/09/2026;11:00;Wigan;Wycombe;0;0;0;0;0;-;The Brick Community Stadium;25 133;Agendado
Inglaterra;League One;19/09/2026;11:00;Sheffield Wednesday;Stockport;0;0;0;0;0;-;Hillsborough;39 732;Agendado
Inglaterra;League One;19/09/2026;11:00;Reading;Notts County;0;0;0;0;0;-;Select Car Leasing Stadium;24 161;Agendado
Inglaterra;League One;19/09/2026;11:00;Peterborough;Doncaster;0;0;0;0;0;-;Weston Homes Stadium;13 511;Agendado
Inglaterra;League One;19/09/2026;11:00;Oxford Utd;Cambridge Utd;0;0;0;0;0;-;Estádio Kassam;12 500;Agendado
Inglaterra;League One;19/09/2026;11:00;Luton;Bradford City;0;0;0;0;0;-;Kenilworth Road;12 300;Agendado
Inglaterra;League One;19/09/2026;11:00;Leyton Orient;Stevenage;0;0;0;0;0;-;Brisbane Road;9 271;Agendado
Inglaterra;League One;19/09/2026;11:00;Bromley;Huddersfield;0;0;0;0;0;-;Hayes Lane;6 100;Agendado
Inglaterra;League One;19/09/2026;11:00;Blackpool;Plymouth;0;0;0;0;0;-;Bloomfield Road;16 616;Agendado
Inglaterra;Championship;19/09/2026;11:00;Wrexham;Southampton;0;0;0;0;0;-;Racecourse Ground;13 341;Agendado
Inglaterra;Championship;19/09/2026;11:00;QPR;Preston;0;0;0;0;0;-;Loftus Road;18 439;Agendado
Inglaterra;Championship;19/09/2026;11:00;Portsmouth;Blackburn;0;0;0;0;0;-;Fratton Park;20 899;Agendado
Inglaterra;Championship;19/09/2026;11:00;Lincoln;Swansea;0;0;0;0;0;-;LNER stadium;10 669;Agendado
Inglaterra;Championship;19/09/2026;11:00;Burnley;Derby;0;0;0;0;0;-;Turf Moor;22 546;Agendado
Inglaterra;Championship;19/09/2026;11:00;Birmingham;Middlesbrough;0;0;0;0;0;-;St. Andrew's Stadium;29 409;Agendado
Inglaterra;Premier League;19/09/2026;11:00;Newcastle;Hull;1,48;4,75;5,75;1,62;2,3;-;St. James Park;52 305;Agendado
Inglaterra;Premier League;19/09/2026;11:00;Everton;Ipswich;1,7;3,6;4,5;1,8;2;-;-;52 769;Agendado
Inglaterra;Premier League;19/09/2026;11:00;Brighton;Arsenal;4,33;3,6;1,75;1,8;2;-;Amex Stadium;31 876;Agendado
Estônia;Meistriliiga;19/09/2026;11:00;Nomme Utd;Paide;0;0;0;0;0;-;Männiku Stadium;1 000;Agendado
Escócia;Championship;19/09/2026;11:00;Stenhousemuir;Arbroath;0;0;0;0;0;-;Ochilview Park;3 746;Agendado
Escócia;Championship;19/09/2026;11:00;Partick;Raith;0;0;0;0;0;-;Estádio Firhill;10 102;Agendado
Escócia;Championship;19/09/2026;11:00;Morton;Dunfermline;0;0;0;0;0;-;Cappielow Park;11 589;Agendado
Escócia;Championship;19/09/2026;11:00;Livingston;Inverness;0;0;0;0;0;-;-;9 713;Agendado
Escócia;Premiership;19/09/2026;11:00;St. Mirren;Dundee Utd;2,2;3,5;2,85;1,73;2,1;-;The SMISA Stadium;7 937;Agendado
Escócia;Premiership;19/09/2026;11:00;St. Johnstone;Falkirk;2,15;3,5;3;1,8;2;-;McDiarmid Park;10 696;Agendado
Escócia;Premiership;19/09/2026;11:00;Hibernian;Aberdeen;1,71;3,75;4,2;1,73;2,1;-;Easter Road;20 421;Agendado
Escócia;Premiership;19/09/2026;11:00;Dundee FC;Motherwell;3,1;3,5;2,1;1,8;2;-;Dens Park;11 775;Agendado
Bélgica;Liga Jupiler;19/09/2026;11:00;Leuven;RAAL La Louviere;0;0;0;0;0;-;Den Dreef;10 020;Agendado
Polônia;Divisão 1;19/09/2026;10:30;Termalica B-B.;Odra Opole;0;0;0;0;0;-;Termalica Bruk-Bet Nieciecza;4 666;Agendado
Polônia;Divisão 1;19/09/2026;10:30;Polonia W.;Chrobry Glogow;0;0;0;0;0;-;Stadion Polonii;7 152;Agendado
Polônia;Divisão 1;19/09/2026;10:30;Grodzisk M.;LKS Lodz;0;0;0;0;0;-;Stadion Miejski;1 514;Agendado
Áustria;2. Liga;19/09/2026;10:30;Voitsberg;A. Salzburg;0;0;0;0;0;-;Munzer Bioindustrie Sportpark Voitsberg;2 700;Agendado
Áustria;2. Liga;19/09/2026;10:30;Sturm Graz II;Innsbruck;0;0;0;0;0;-;Solarstadion Gleisdorf;700;Agendado
Alemanha;Bundesliga;19/09/2026;10:30;Monchengladbach;Mainz;2,63;3,6;2,38;1,57;2,38;-;Borussia-Park;54 042;Agendado
Alemanha;Bundesliga;19/09/2026;10:30;Hamburger SV;Köln;2,55;3,6;2,55;1,62;2,3;-;Volksparkstadion;57 274;Agendado
Alemanha;Bundesliga;19/09/2026;10:30;Frankfurt;Freiburg;2,2;3,6;2,88;1,57;2,38;-;Deutsche Bank Park;59 500;Agendado
Alemanha;Bundesliga;19/09/2026;10:30;Bremen;Augsburg;2,25;3,7;2,8;1,53;2,5;-;Weserstadion;42 100;Agendado
Suécia;Superettan;19/09/2026;10:00;Varberg;Brage;0;0;0;0;0;-;Paskbergsvallen;4 500;Agendado
Suécia;Superettan;19/09/2026;10:00;Oddevold;Värnamo;0;0;0;0;0;-;Rimnersvallen;10 605;Agendado
Suécia;Allsvenskan;19/09/2026;10:00;Västerås SK;Malmö FF;0;0;0;0;0;-;Hitachi Energy Arena;8 900;Agendado
Suécia;Allsvenskan;19/09/2026;10:00;Brommapojkarna;Göteborg;0;0;0;0;0;-;Grimsta IP;5 000;Agendado
República Tcheca;Chance Liga;19/09/2026;10:00;Pardubice;Bohemians;0;0;0;0;0;-;-;4 620;Agendado
República Tcheca;Chance Liga;19/09/2026;10:00;Mlada Boleslav;Brno;0;0;0;0;0;-;Lokotrans Aréna;5 000;Agendado
República Tcheca;Chance Liga;19/09/2026;10:00;Artis Brno;Liberec;0;0;0;0;0;-;-;10 600;Agendado
Itália;Serie B;19/09/2026;10:00;Palermo;Padova;0;0;0;0;0;-;Stadio Renzo Barbera;36 349;Agendado
Itália;Serie B;19/09/2026;10:00;Cremonese;Entella;0;0;0;0;0;-;Stadio Giovanni Zini;20 641;Agendado
Itália;Serie B;19/09/2026;10:00;Carrarese;Benevento;0;0;0;0;0;-;Stadio dei Marmi;5 280;Agendado
Itália;Serie A;19/09/2026;10:00;Udinese;Cagliari;2;3,2;4;2,3;1,62;-;Bluenergy Stadium - Stadio Friuli;25 144;Agendado
Itália;Serie A;19/09/2026;10:00;Bologna;Torino;1,85;3,4;4,1;2;1,85;-;Stadio Renato Dall'Ara;38 279;Agendado
Polônia;Ekstraklasa;19/09/2026;09:45;Korona;Rakow;0;0;0;0;0;-;Exbud Arena;15 500;Agendado
França;Ligue 2;19/09/2026;09:00;Guingamp;Red Star;0;0;0;0;0;-;Stade de Roudourou;19 060;Agendado
França;Ligue 2;19/09/2026;09:00;Boulogne;Nantes;0;0;0;0;0;-;Stade de la Libération;9 534;Agendado
Espanha;LaLiga2;19/09/2026;09:00;Real Sociedad B;Mallorca;0;0;0;0;0;-;-;-;Agendado
Espanha;LaLiga;19/09/2026;09:00;Osasuna;Rayo Vallecano;0;0;0;0;0;-;Estadio El Sadar;23 516;Agendado
Alemanha;3. Liga;19/09/2026;09:00;Viktoria Koln;Ingolstadt;0;0;0;0;0;-;Sportpark Hohenberg;8 343;Agendado
Alemanha;3. Liga;19/09/2026;09:00;Stuttgart II;Regensburg;0;0;0;0;0;-;Mechatronik Arena;10 001;Agendado
Alemanha;3. Liga;19/09/2026;09:00;Hoffenheim II;Meppen;0;0;0;0;0;-;Dietmar-Hopp Stadion;6 350;Agendado
Alemanha;3. Liga;19/09/2026;09:00;Havelse;Fortuna Koln;0;0;0;0;0;-;-;-;Agendado
Alemanha;3. Liga;19/09/2026;09:00;Aachen;Dusseldorf;0;0;0;0;0;-;New Tivoli;32 960;Agendado
Singapura;Premier League;19/09/2026;08:30;Young Lions;Geylang;0;0;0;0;0;-;Estádio Jalan Besar;6 000;Agendado
Singapura;Premier League;19/09/2026;08:30;Balestier Khalsa;Tanjong Pagar;0;0;0;0;0;-;Bishan Stadium;3 500;Agendado
Inglaterra;League Two;19/09/2026;08:30;Walsall;Port Vale;0;0;0;0;0;-;Estádio Bescot;11 300;Agendado
Inglaterra;League Two;19/09/2026;08:30;Rochdale;Oldham;0;0;0;0;0;-;Estádio Spotland;10 249;Agendado
Inglaterra;League One;19/09/2026;08:30;Burton;Mansfield;0;0;0;0;0;-;Pirelli Stadium;6 912;Agendado
Inglaterra;League One;19/09/2026;08:30;Barnsley;Leicester;0;0;0;0;0;-;Oakwell;23 287;Agendado
Inglaterra;Championship;19/09/2026;08:30;Stoke;Sheffield Utd;0;0;0;0;0;-;Bet365 Stadium;30 089;Agendado
Inglaterra;Championship;19/09/2026;08:30;Millwall;West Ham;0;0;0;0;0;-;The Den;20 146;Agendado
Inglaterra;Championship;19/09/2026;08:30;Cardiff;Charlton;0;0;0;0;0;-;Estádio Cardiff City;33 280;Agendado
Inglaterra;Premier League;19/09/2026;08:30;Tottenham;Aston Villa;1,95;3,5;3,7;1,8;2;-;Tottenham Hotspur Stadium;62 850;Agendado
Suécia;Superettan;19/09/2026;08:00;Öster;Norrkoping;0;0;0;0;0;-;-;12 000;Agendado
Suécia;Superettan;19/09/2026;08:00;Nordic United;Landskrona;0;0;0;0;0;-;Sodertalje Fotbollsarena;6 400;Agendado
Alemanha;2. Bundesliga;19/09/2026;08:00;Kiel;Osnabruck;0;0;0;0;0;-;Holstein-Stadion;15 034;Agendado
Alemanha;2. Bundesliga;19/09/2026;08:00;Karlsruher;Nurnberg;0;0;0;0;0;-;BBBank Wildpark;34 302;Agendado
Alemanha;2. Bundesliga;19/09/2026;08:00;Kaiserslautern;Braunschweig;0;0;0;0;0;-;Fritz Walter Stadion;49 500;Agendado
Polônia;Divisão 1;19/09/2026;07:30;Lechia;Stal Mielec;0;0;0;0;0;-;Polsat Plus Arena;41 620;Agendado
México;Liga MX Feminina - Abertura;19/09/2026;00:00;Monterrey F;Necaxa F;0;0;0;0;0;-;Cancha El Barrial;2 000;Agendado
México;Liga MX - Abertura;19/09/2026;00:00;Juarez;Tigres;0;0;0;0;0;-;Estádio Olímpico Benito Juárez;19 703;Agendado
México;Liga MX - Abertura;18/09/2026;22:00;Puebla;Atlante;0;0;0;0;0;-;Estadio Cuauhtémoc;47 704;Agendado
Brasil;Brasileirão Série B;18/09/2026;21:00;São Bernardo;Atlético-GO;0;0;0;0;0;-;Estádio Primeiro de Maio;15 759;Agendado
EUA;MLS;18/09/2026;20:30;New York City;New York Red Bulls;0;0;0;0;0;-;Yankee Stadium;54 251;Agendado
Brasil;Brasileirão Série B;18/09/2026;20:30;Ceará;Novorizontino;0;0;0;0;0;-;Castelão;64 846;Agendado
Bolívia;División Profesional;18/09/2026;20:00;Independiente;SA Bulo Bulo;0;0;0;0;0;-;Estádio Olímpico Pátria;30 700;Agendado
Brasil;Brasileirão Série B;18/09/2026;19:30;Vila Nova;América-MG;0;0;0;0;0;-;Estádio Onésio Brasileiro Alvarenga;11 788;Agendado
Inglaterra;Championship;18/09/2026;16:00;Bristol City;Watford;0;0;0;0;0;-;Estádio Ashton Gate;27 000;Agendado
Inglaterra;Premier League;18/09/2026;16:00;Brentford;Chelsea;2,63;3,6;2,4;1,62;2,3;-;Brentford Community Stadium;17 250;Agendado
Espanha;LaLiga;18/09/2026;16:00;Espanyol;Elche;0;0;0;0;0;-;RCDE Stadium;40 000;Agendado
Polônia;Divisão 1;18/09/2026;15:45;Polonia B.;Ruch;0;0;0;0;0;-;Boisko ul. Pilkarska 8;-;Agendado
País de Gales;Premier League;18/09/2026;15:45;Haverfordwest;Holywell;0;0;0;0;0;-;Estádio Bridge Meadow;2 000;Agendado
País de Gales;Premier League;18/09/2026;15:45;Connah's Q.;Cardiff Metropolitan;0;0;0;0;0;-;Essity Stadium;3 000;Agendado
País de Gales;Premier League;18/09/2026;15:45;Colwyn Bay;Barry;0;0;0;0;0;-;Llanelian Road;3 000;Agendado
País de Gales;Premier League;18/09/2026;15:45;Caernarfon;Cambrian United;0;0;0;0;0;-;The Oval;3 000;Agendado
País de Gales;Premier League;18/09/2026;15:45;Briton Ferry;Trefelin;0;0;0;0;0;-;Old Road;-;Agendado
País de Gales;Premier League;18/09/2026;15:45;Ammanford;Penybont;0;0;0;0;0;-;-;-;Agendado
País de Gales;Premier League;18/09/2026;15:45;Airbus;Flint;0;0;0;0;0;-;The Airfield;2 100;Agendado
Itália;Serie A;18/09/2026;15:45;Monza;Sassuolo;2,88;3,25;2,38;1,95;1,9;-;Brianteo;17 102;Agendado
França;Ligue 1;18/09/2026;15:45;Monaco;Lens;2,25;3,6;2,8;1,53;2,5;-;Stade Louis II;18 523;Agendado
Bélgica;Liga Jupiler;18/09/2026;15:45;Gent;St. Liege;0;0;0;0;0;-;Planet Group Arena;20 185;Agendado
Polônia;Ekstraklasa;18/09/2026;15:30;Wisla;Slask;0;0;0;0;0;-;Synerise Arena - Stadion Miejski im. Henryka Reymana;33 326;Agendado
Itália;Serie B;18/09/2026;15:30;Juve Stabia;Cesena;0;0;0;0;0;-;Stadio Romeo Menti;13 000;Agendado
Espanha;LaLiga2;18/09/2026;15:30;Albacete;Córdoba;0;0;0;0;0;-;Estadio Carlos Belmonte;17 524;Agendado
Escócia;Championship;18/09/2026;15:30;Queen's Park;Ayr;0;0;0;0;0;-;The City Stadium;990;Agendado
Áustria;2. Liga;18/09/2026;15:30;BW Linz;Admira;0;0;0;0;0;-;Hofmann Personal Stadion;5 995;Agendado
Alemanha;Bundesliga;18/09/2026;15:30;Bayern;Union Berlin;1,11;9,5;17;1,2;4,5;-;Allianz Arena;75 024;Agendado
Países Baixos;Eerste Divisie;18/09/2026;15:00;Waalwijk;Maastricht;0;0;0;0;0;-;Mandemakers Stadion;7 508;Agendado
Países Baixos;Eerste Divisie;18/09/2026;15:00;Oss;Dordrecht;0;0;0;0;0;-;Frans Heesen Stadion;4 700;Agendado
Países Baixos;Eerste Divisie;18/09/2026;15:00;Jong Utrecht;Venlo;0;0;0;0;0;-;Sportcomplex Zoudenbalch;1 000;Agendado
Países Baixos;Eerste Divisie;18/09/2026;15:00;Jong AZ;FC Volendam;0;0;0;0;0;-;AFAS Trainingscomplex;1 000;Agendado
Países Baixos;Eerste Divisie;18/09/2026;15:00;Jong Ajax;Roda;0;0;0;0;0;-;Sportcomplex De Toekomst;2 250;Agendado
Países Baixos;Eerste Divisie;18/09/2026;15:00;Eindhoven;FC Emmen;0;0;0;0;0;-;Estádio Jan Louwers;4 600;Agendado
Países Baixos;Eerste Divisie;18/09/2026;15:00;Den Bosch;Helmond;0;0;0;0;0;-;De Vliert;6 500;Agendado
Países Baixos;Eerste Divisie;18/09/2026;15:00;Almere City;Heracles;0;0;0;0;0;-;Yanmar Stadion;4 501;Agendado
Países Baixos;Eredivisie;18/09/2026;15:00;Groningen;Zwolle;1,62;4,2;4,6;1,48;2,6;-;Euroborg;22 550;Agendado
França;Ligue 2;18/09/2026;15:00;Rodez;Nancy;0;0;0;0;0;-;Stade Paul-Lignon;5 955;Agendado
França;Ligue 2;18/09/2026;15:00;Reims;Montpellier;0;0;0;0;0;-;Stade Auguste-Delaune;21 029;Agendado
França;Ligue 2;18/09/2026;15:00;Pau;Dunkerque;0;0;0;0;0;-;Nouste Camp;4 031;Agendado
França;Ligue 2;18/09/2026;15:00;Laval;Sochaux;0;0;0;0;0;-;Stade Francis Le Basser;11 017;Agendado
França;Ligue 2;18/09/2026;15:00;Grenoble;Clermont;0;0;0;0;0;-;Stade des Alpes;20 068;Agendado
França;Ligue 2;18/09/2026;15:00;Annecy;Dijon;0;0;0;0;0;-;Parque Esportivo;15 660;Agendado
Croácia;HNL;18/09/2026;15:00;Rudes;Slaven Belupo;0;0;0;0;0;-;SC Rudes;6 000;Agendado
Áustria;Bundesliga;18/09/2026;14:30;SK Rapid;Tirol;1,37;4,5;6,5;1,48;2,6;-;Allianz Stadion;26 500;Agendado
Turquia;Super Lig;18/09/2026;14:00;Kasimpasa;Konyaspor;0;0;0;0;0;-;Estádio Recep Tayyip Erdoğan;14 234;Agendado
Suécia;Superettan;18/09/2026;14:00;Falkenberg;Östersund;0;0;0;0;0;-;Falcon Alkoholfri Arena;5 500;Agendado
Noruega;Eliteserien;18/09/2026;14:00;Sarpsborg 08;KFUM Oslo;0;0;0;0;0;-;Estádio Sarpsborg;8 022;Agendado
Dinamarca;Superliga;18/09/2026;14:00;Lyngby;Silkeborg;0;0;0;0;0;-;Lyngby Stadion;10 000;Agendado
Alemanha;3. Liga;18/09/2026;14:00;Verl;Wurzburger Kickers;0;0;0;0;0;-;Sportclub Arena;5 207;Agendado
Áustria;2. Liga;18/09/2026;13:30;Kapfenberg;Amstetten;0;0;0;0;0;-;Alpenstadion;10 000;Agendado
Áustria;2. Liga;18/09/2026;13:30;Hertha Wels;First Vienna;0;0;0;0;0;-;Huber-Arena;3 000;Agendado
Áustria;2. Liga;18/09/2026;13:30;FAC Wien;Liefering;0;0;0;0;0;-;FAC-Platz;3 000;Agendado
Alemanha;2. Bundesliga;18/09/2026;13:30;Wolfsburg;Darmstadt;0;0;0;0;0;-;Volkswagen Arena;28 917;Agendado
Alemanha;2. Bundesliga;18/09/2026;13:30;Furth;Magdeburg;0;0;0;0;0;-;Sportpark Ronhof Thomas Sommer;16 626;Agendado
Polônia;Divisão 1;18/09/2026;13:00;Warta Poznan;Puszcza;0;0;0;0;0;-;Estádio em Drodze Dębińskiej;2 500;Agendado
Polônia;Ekstraklasa;18/09/2026;13:00;Widzew Lodz;Wieczysta Krakow;0;0;0;0;0;-;Stadion Widzewa Łódź;18 018;Agendado
Estônia;Meistriliiga;18/09/2026;13:00;Harju JK Laagri;Kuressaare;0;0;0;0;0;-;Laagri kunstmurustaadion;2 000;Agendado
Singapura;Premier League;18/09/2026;08:30;FC Jurong;Hougang;0;0;0;0;0;-;-;-;Agendado
Bolívia;División Profesional;17/09/2026;21:30;Bolivar;GV San Jose;0;0;0;0;0;-;Estadio Hernando Siles;41 143;Agendado
Bolívia;División Profesional;17/09/2026;19:30;Tomayapo;Oriente Petrolero;0;0;0;0;0;-;Estádio IV Centenário;15 000;Agendado
Espanha;LaLiga;17/09/2026;16:30;Málaga;Villarreal;3,4;3,6;2;1,67;2,2;-;La Rosaleda;30 044;Agendado
Europa;Liga Europa;17/09/2026;16:00;Real Sociedad;Bournemouth;2,63;3,4;2,38;1,85;2;-;-;40 000;Agendado
Europa;Liga Europa;17/09/2026;16:00;Plzen;Royale Union SG;2,4;3,2;2,75;1,88;1,98;-;Doosan Aréna;11 700;Agendado
Europa;Liga Europa;17/09/2026;16:00;Lilleström;Torreense;1,45;4,33;5,75;1,67;2,2;-;Åråsen Stadion;11 500;Agendado
Europa;Liga Europa;17/09/2026;16:00;Juventus;Nijmegen;1,27;5,25;9;1,5;2,63;-;Allianz Stadium;41 507;Agendado
Europa;Liga Europa;17/09/2026;16:00;Crystal Palace;Lech;1,38;4,33;7;1,67;2,2;-;Selhurst Park;25 486;Agendado
Europa;Liga Europa;17/09/2026;16:00;Celtic;Ferencvaros;1,65;3,9;4,33;1,5;2,63;-;Celtic Park;60 411;Agendado
Europa;Liga Europa;17/09/2026;16:00;Besiktas;Marseille;2,1;3,4;3,1;1,67;2,2;-;-;42 684;Agendado
Inglaterra;League One;17/09/2026;16:00;Wimbledon;Milton Keynes;0;0;0;0;0;Eley R.;The Cherry Red Records Stadium;9 215;Agendado
Sérvia;Superliga;17/09/2026;15:00;Zeleznicar Pancevo;Crvena zvezda;10;5,25;1,27;1,53;2,38;-;Sportsko-Rekreativni Centar Mladost;2 300;Agendado
Espanha;LaLiga;17/09/2026;14:00;Bétis;Getafe;1,85;3,4;4,2;2,3;1,62;-;Estádio de La Cartuja;71 374;Agendado
Europa;Liga Europa;17/09/2026;13:45;OFI Crete;Hoffenheim;7;4,1;1,4;1,67;2,2;-;Pankritio Stadium;26 240;Agendado
Europa;Liga Europa;17/09/2026;13:45;Levski;Red Bull Salzburg;2,88;3,4;2,2;1,57;2,38;-;Nacionalen Stadion Vasil Levski;43 230;Agendado
Estônia;Meistriliiga;17/09/2026;13:00;Levadia;Tammeka;0;0;0;0;0;-;A. Le Coq Arena;14 336;Agendado
EUA;USL Championship;16/09/2026;21:30;Birmingham;New Mexico;0;0;0;0;0;R. Albuquerque;Protective Stadium;47 100;Agendado
Bolívia;División Profesional;16/09/2026;21:30;Blooming;Universitario de Vinto;0;0;0;0;0;-;Estádio Ramón Tahuichi Aguilera Costas;38 000;Agendado
Brasil;Brasileirão Betano;16/09/2026;19:30;Botafogo;Grêmio;1,68;3,6;4,75;2,03;1,83;-;Estádio Olímpico Nilton Santos;46 931;Agendado
Bolívia;División Profesional;16/09/2026;19:30;Nacional Potosí;Always Ready;0;0;0;0;0;-;Estádio Víctor Agustín Ugarte;35 000;Agendado
EUA;USL Championship;16/09/2026;19:00;Hartford Athletic;Sporting Jax;0;0;0;0;0;-;Trinity Health Stadium;10 000;Agendado
Espanha;LaLiga;16/09/2026;16:30;Levante;Ath. Bilbao;3,1;3,4;2,25;1,91;1,91;-;Estádio Cidade de Valência;26 354;Agendado
Espanha;LaLiga;16/09/2026;16:30;Barcelona;Racing Santander;1,08;10;21;1,17;5;-;Camp Nou;105 000;Agendado
Europa;Liga Europa;16/09/2026;16:00;Sunderland;Alkmaar;1,67;3,9;4,33;1,73;2,1;-;Estádio da Luz;48 707;Agendado
Europa;Liga Europa;16/09/2026;16:00;Sturm Graz;Rennes;3,5;3,5;1,95;1,67;2,2;-;Merkur-Arena;16 364;Agendado
Europa;Liga Europa;16/09/2026;16:00;Olympiacos;Jagiellonia;1,36;4,33;7,5;1,67;2,2;-;Georgios Karaiskakis Stadium;33 296;Agendado
Europa;Liga Europa;16/09/2026;16:00;Leverkusen;Celje;1,18;6,5;13;1,29;3,75;-;BayArena;30 210;Agendado
Europa;Liga Europa;16/09/2026;16:00;H. Beer Sheva;Din. Zagreb;3,6;3,4;1,9;1,67;2,2;-;Superbet Arena - Giulesti;14 047;Agendado
Europa;Liga Europa;16/09/2026;16:00;Anderlecht;Lyon;3,5;3,5;1,91;1,67;2,2;-;Lotto Park;22 500;Agendado
Europa;Liga Europa;16/09/2026;16:00;AC Milan;Benfica;2,1;3,4;3,2;1,73;2,1;-;Stadio Giuseppe Meazza (San Siro);80 018;Agendado
Bolívia;División Profesional;16/09/2026;16:00;Guabira;Aurora;0;0;0;0;0;-;Estádio Gilberto Parada;13 000;Agendado
Suíça;Superliga;16/09/2026;14:00;Thun;Servette;2,65;3,6;2,35;1,6;2,3;-;Arena Stockhorn;10 000;Agendado
Suíça;Superliga;16/09/2026;14:00;Lugano;St. Gallen;1,86;3,6;3,4;1,62;2,25;-;-;8 150;Agendado
Suécia;Allsvenskan;16/09/2026;14:00;AIK Stockholm;Mjallby;0;0;0;0;0;-;Strawberry Arena;50 000;Agendado
Espanha;LaLiga;16/09/2026;14:00;Atl. Madrid;Osasuna;1,48;4;6,5;1,73;2,1;-;Metropolitano Stadium;70 692;Agendado
Espanha;LaLiga;16/09/2026;14:00;A Coruna;Sevilla;2,5;3,1;2,8;2,2;1,67;-;Estadio Riazor;32 490;Agendado
Egito;Premier League;16/09/2026;14:00;Ghazl El Mahallah;Zamalek;0;0;0;0;0;-;El-Gazel Stadium;20 000;Agendado
Egito;Premier League;16/09/2026;14:00;Enppi;Pyramids;0;0;0;0;0;-;Estádio Petrosport;16 000;Agendado
Alemanha;3. Liga;16/09/2026;14:00;Rostock;Stuttgart II;0;0;0;0;0;-;Ostseestadion;29 000;Agendado
Alemanha;3. Liga;16/09/2026;14:00;Munster;Saarbrucken;0;0;0;0;0;-;Preussenstadion;14 300;Agendado
Alemanha;3. Liga;16/09/2026;14:00;Mannheim;RW Essen;0;0;0;0;0;-;Carl-Benz Stadion;25 667;Agendado
Alemanha;3. Liga;16/09/2026;14:00;Ingolstadt;Hoffenheim II;0;0;0;0;0;-;Audi Sportpark;15 800;Agendado
Alemanha;3. Liga;16/09/2026;14:00;Fortuna Koln;Wehen;0;0;0;0;0;-;-;-;Agendado
Europa;Liga Europa;16/09/2026;13:45;Omonia;Celta de Vigo;4,1;3,3;1,8;2;1,85;-;Estádio GSP;22 859;Agendado
Europa;Liga Europa;16/09/2026;13:45;Ararat-Armenia;Sparta Praga;4,75;3,8;1,62;1,67;2,2;-;Vazgen Sargsyan Republican Stadium;14 403;Agendado
Estônia;Meistriliiga;16/09/2026;13:00;Paide;Parnu JK Vaprus;0;0;0;0;0;-;Paide linnastaadion;500;Agendado
Egito;Premier League;16/09/2026;11:00;El Gounah;Petrojet;0;0;0;0;0;-;-;-;Agendado
México;Liga MX - Abertura;15/09/2026;22:00;Puebla;Toluca;4,75;4,1;1,57;1,57;2,35;-;Estadio Cuauhtémoc;47 704;Agendado
Brasil;Brasileirão Série B;15/09/2026;21:00;CRB;Sport;0;0;0;0;0;-;Estádio Rei Pelé;19 105;Agendado
EUA;USL Championship;15/09/2026;20:00;Indy Eleven;Brooklyn;0;0;0;0;0;Billeter A.;Michael A. Carroll Stadium;12 111;Agendado
Brasil;Brasileirão Série B;15/09/2026;19:30;Náutico;Operário;0;0;0;0;0;-;Estádio Eládio de Barros Carvalho;22 856;Agendado
Brasil;Brasileirão Série B;15/09/2026;19:30;Londrina;Ponte Preta;0;0;0;0;0;-;-;8 000;Agendado
Bolívia;División Profesional;15/09/2026;18:15;Academia del Balompie;The Strongest;0;0;0;0;0;-;Estádio Municipal de El Alto;22 000;Agendado
Espanha;LaLiga;15/09/2026;16:30;Elche;Real Madrid;9,5;5,25;1,27;1,36;3,2;-;Estadio Manuel Martínez Valero;31 388;Agendado
Islândia;Besta-deild karla;15/09/2026;16:15;Fram;Breidablik;0;0;0;0;0;-;Laugardalsvöllur;9 500;Agendado
Bolívia;División Profesional;15/09/2026;16:00;Real Oruro;Real Potosi;0;0;0;0;0;-;Estádio Jesús Bermúdez;33 000;Agendado
País de Gales;Premier League;15/09/2026;15:45;Trefelin;Cambrian United;0;0;0;0;0;-;-;-;Agendado
País de Gales;Premier League;15/09/2026;15:45;TNS;Flint;0;0;0;0;0;-;Park Hall;2 000;Agendado
País de Gales;Premier League;15/09/2026;15:45;Penybont;Briton Ferry;0;0;0;0;0;-;Bryntirion Park;3 000;Agendado
País de Gales;Premier League;15/09/2026;15:45;Llandudno;Caernarfon;0;0;0;0;0;-;-;-;Agendado
País de Gales;Premier League;15/09/2026;15:45;Holywell;Colwyn Bay;0;0;0;0;0;-;-;-;Agendado
País de Gales;Premier League;15/09/2026;15:45;Connah's Q.;Airbus;0;0;0;0;0;-;Essity Stadium;3 000;Agendado
País de Gales;Premier League;15/09/2026;15:45;Barry;Ammanford;0;0;0;0;0;-;Jenner Park;2 650;Agendado
Inglaterra;Championship;15/09/2026;15:45;Middlesbrough;Millwall;0;0;0;0;0;Madley R.;Riverside Stadium;34 742;Agendado
Inglaterra;Championship;15/09/2026;15:45;Bristol City;Lincoln;0;0;0;0;0;Robinson T.;Estádio Ashton Gate;27 000;Agendado
Escócia;Championship;15/09/2026;15:45;Stenhousemuir;Partick;0;0;0;0;0;-;Ochilview Park;3 746;Agendado
Escócia;Premiership;15/09/2026;15:45;Motherwell;Aberdeen;1,79;3,7;3,9;1,73;2,1;-;Fir Park;13 677;Agendado
Escócia;Premiership;15/09/2026;15:45;Hibernian;Kilmarnock;1,46;4,33;5,5;1,53;2,5;-;Easter Road;20 421;Agendado
Escócia;Premiership;15/09/2026;15:45;Falkirk;Hearts;3,6;3,6;1,91;1,73;2,1;-;Falkirk Stadium;7 937;Agendado
Polônia;Ekstraklasa;15/09/2026;15:30;Korona;Gornik Zabrze;0;0;0;0;0;-;Exbud Arena;15 500;Agendado
Países Baixos;Eredivisie;15/09/2026;15:00;Ajax;Willem II;1,17;7;11;1,22;4,2;-;Johan Cruijff Arena;55 865;Agendado
Espanha;LaLiga;15/09/2026;15:00;Alavés;Valencia;2,2;3,1;3,4;2,3;1,62;-;Estadio Mendizorrotza;19 840;Agendado
Suíça;Superliga;15/09/2026;14:00;Grasshoppers;Sion;3,7;3,7;1,79;1,67;2,15;-;Letzigrund Stadion;26 104;Agendado
Suécia;Superettan;15/09/2026;14:00;Värnamo;Öster;0;0;0;0;0;-;Finnvedsvallen;5 000;Agendado
Suécia;Superettan;15/09/2026;14:00;Landskrona;Sundsvall;0;0;0;0;0;-;Landskrona Idrottsplats;12 000;Agendado
Suécia;Superettan;15/09/2026;14:00;Brage;Sandviken;0;0;0;0;0;-;Domnarvsvallen;6 500;Agendado
Espanha;LaLiga;15/09/2026;14:00;Rayo Vallecano;Espanyol;1,91;3,4;3,8;1,98;1,88;-;Estadio de Vallecas;14 708;Agendado
Egito;Premier League;15/09/2026;14:00;Al Masry;Al-Ittihad;0;0;0;0;0;-;Borg El Arab Stadium;86 000;Agendado
Egito;Premier League;15/09/2026;14:00;Al Ahly;Abu Qir Semad;0;0;0;0;0;-;-;-;Agendado
Alemanha;3. Liga;15/09/2026;14:00;Wurzburger Kickers;Aachen;0;0;0;0;0;-;Flyeralarm Arena;13 090;Agendado
Alemanha;3. Liga;15/09/2026;14:00;Regensburg;Dusseldorf;0;0;0;0;0;-;Jahnstadion Regensburg;15 210;Agendado
Alemanha;3. Liga;15/09/2026;14:00;Meppen;Viktoria Koln;0;0;0;0;0;-;Hansch-Arena;13 696;Agendado
Alemanha;3. Liga;15/09/2026;14:00;Grossaspach;Verl;0;0;0;0;0;-;Mechatronik Arena;10 001;Agendado
Alemanha;3. Liga;15/09/2026;14:00;Duisburg;Havelse;0;0;0;0;0;-;Schauinsland-Reisen-Arena;31 500;Agendado
Polônia;Ekstraklasa;15/09/2026;13:00;Rakow;Zaglebie;0;0;0;0;0;-;Miejski Stadion Piłkarski Raków;5 500;Agendado
Egito;Premier League;15/09/2026;11:00;Wadi Degla;Arab Contractors;0;0;0;0;0;-;Estádio Petrosport;16 000;Agendado
Egito;Premier League;15/09/2026;11:00;Asyut Petroleum;Modern Sport;0;0;0;0;0;-;Asyut University Stadium;16 000;Agendado
México;Liga MX Feminina - Abertura;14/09/2026;22:00;Pachuca F;Leon F;0;0;0;0;0;-;Estádio Miguel Hidalgo;25 922;Agendado
México;Liga MX - Abertura;14/09/2026;22:00;Leon;Atlético San Luis;2,1;3,5;3,1;1,98;1,83;-;Estádio León;31 297;Agendado
Brasil;Brasileirão Série B;14/09/2026;21:30;Avaí;Vila Nova;0;0;0;0;0;Muniz dos Santos D. C.;Ressacada;17 800;Agendado
México;Liga MX Feminina - Abertura;14/09/2026;21:00;Toluca F;Tijuana F;0;0;0;0;0;-;Estadio Nemesio Díez;27 273;Agendado
Brasil;Brasileirão Betano;14/09/2026;20:00;Bahia;Remo;1,41;4,33;7;1,67;2,15;R. J. Pereira de Lima;Casa de Apostas Arena Fonte Nova;48 902;Agendado
Brasil;Brasileirão Série B;14/09/2026;19:30;Botafogo-SP;Goiás;0;0;0;0;0;A. Gomes Stefano;Estádio Santa Cruz;29 292;Agendado
Brasil;Brasileirão Série B;14/09/2026;19:30;América-MG;São Bernardo;0;0;0;0;0;J. Pinheiro;Mineirão;61 927;Agendado
Portugal;Liga Portugal;14/09/2026;16:45;Braga;Estoril;1,46;4;6;1,7;2,1;-;Estádio Municipal de Braga;30 286;Agendado
Portugal;Liga Portugal;14/09/2026;16:15;Moreirense;Marítimo;2,7;3,1;2,5;2,3;1,6;-;Parque Joaquim de Almeida Freitas;6 153;Agendado
Islândia;Besta-deild karla;14/09/2026;16:15;Vikingur Reykjavik;Keflavik;0;0;0;0;0;-;Víkin;1 100;Agendado
Inglaterra;Premier League;14/09/2026;16:00;Leeds;Newcastle;2,4;3,5;2,88;1,73;2,1;Salisbury M.;Elland Road;37 792;Agendado
Espanha;LaLiga;14/09/2026;16:00;Villarreal;Bétis;1,85;4;3,8;1,57;2,38;-;Estadio de la Ceramica;23 000;Agendado
Itália;Serie A;14/09/2026;15:45;Inter;Udinese;1,27;5,75;11;1,53;2,5;-;Stadio Giuseppe Meazza (San Siro);80 018;Agendado
França;Ligue 2;14/09/2026;15:45;Red Star;Metz;2,5;3;2,5;1,95;1,85;Leleu M.;Stade Bauer;10 000;Agendado
Espanha;LaLiga2;14/09/2026;15:30;Celta Vigo B;Eibar;3,4;3,2;2,05;2,15;1,67;-;Estadio Balaídos;24 870;Agendado
Países Baixos;Eerste Divisie;14/09/2026;15:00;Jong Utrecht;Jong Ajax;0;0;0;0;0;-;Sportcomplex Zoudenbalch;1 000;Agendado
Países Baixos;Eerste Divisie;14/09/2026;15:00;Jong PSV;Jong AZ;0;0;0;0;0;-;De Herdgang;2 500;Agendado
Portugal;Liga Portugal;14/09/2026;14:45;Rio Ave;Estrela da Amadora;2,7;3,25;2,45;2,05;1,75;-;Estádio do Rio Ave;5 250;Agendado
Suécia;Superettan;14/09/2026;14:05;Östersund;Helsingborg;0;0;0;0;0;-;Jamtkraft Arena;8 466;Agendado
Turquia;Super Lig;14/09/2026;14:00;Gaziantep;Fenerbahce;5,25;4;1,51;1,73;2,08;-;-;35 574;Agendado
Suécia;Superettan;14/09/2026;14:00;Örebro;Nordic United;0;0;0;0;0;-;Behrn Arena;12 645;Agendado
Suécia;Superettan;14/09/2026;14:00;Norrby;Varberg;0;0;0;0;0;-;Borås Arena;16 200;Agendado
Suécia;Allsvenskan;14/09/2026;14:00;Sirius;Degerfors;1,39;4,5;6;1,57;2,35;-;Studenternas IP;11 167;Agendado
Suécia;Allsvenskan;14/09/2026;14:00;Djurgarden;GAIS;1,53;4;5;1,6;2,3;-;-;33 000;Agendado
Sérvia;Superliga;14/09/2026;14:00;Zemun;Radnik;3,2;3,4;2,1;2,05;1,75;-;Stadion Dragan Dzajić;-;Agendado
Portugal;Liga Portugal 2;14/09/2026;14:00;Sporting B;Lusitânia FC;2;3,1;3,3;2,1;1,7;-;CGD Stadium Aurelio Pereira;1 180;Agendado
Portugal;Liga Portugal 2;14/09/2026;14:00;Porto B;Vizela;3,6;3,2;1,91;2,15;1,67;-;Estádio Luis Filipe Menezes;3 800;Agendado
Polônia;Divisão 1;14/09/2026;14:00;Stal Mielec;Termalica B-B.;0;0;0;0;0;-;Stadion MOSiR;6 864;Agendado
Polônia;Ekstraklasa;14/09/2026;14:00;Radomiak Radom;Piast;2,25;3,5;2,7;1,67;2,15;-;Stadion im. Braci Czachorów;14 440;Agendado
Noruega;Eliteserien;14/09/2026;14:00;Bodo/Glimt;Sandefjord;1,14;7,5;12;1,29;3,6;Sinnes S. T.;Estádio Aspmyra;8 270;Agendado
Egito;Premier League;14/09/2026;14:00;ZED;Al Qanah;0;0;0;0;0;-;-;-;Agendado
Egito;Premier League;14/09/2026;14:00;Ceramica Cleopatra;National Bank Egypt;0;0;0;0;0;-;Estádio Arab Contractors;35 000;Agendado
Dinamarca;Superliga;14/09/2026;14:00;Midtjylland;Brondby;1,81;3,8;3,7;1,62;2,25;-;MCH Arena;12 148;Agendado
Itália;Serie A;14/09/2026;13:30;Torino;AS Roma;6;4;1,57;1,91;1,91;-;Stadio Olimpico;28 177;Agendado
Itália;Serie A;14/09/2026;13:30;Como;Parma;1,25;5,5;13;1,73;2,1;-;Stadio Giuseppe Sinigaglia;13 602;Agendado
Croácia;HNL;14/09/2026;13:00;Gorica;Varazdin;0;0;0;0;0;-;Gradski stadion Velika Gorica;5 200;Agendado
Egito;Premier League;14/09/2026;11:00;El Gaish;Smouha;0;0;0;0;0;-;Gehaz El Reyada El Askari Stadium;20 000;Agendado
Singapura;Premier League;14/09/2026;08:30;Geylang;Tanjong Pagar;0;0;0;0;0;-;Estádio Tampines;3 600;Agendado
México;Liga MX - Abertura;13/09/2026;22:07;Guadalajara;U.N.A.M.;1,51;4;5,5;1,73;2,08;-;Estádio Akron;46 232;Agendado
EUA;MLS;13/09/2026;22:00;San Diego FC;Philadelphia Union;2,45;3,75;2,45;1,48;2,6;-;Snapdragon Stadium;35 000;Agendado
México;Liga MX - Abertura;13/09/2026;21:00;Santos Laguna;Juarez;1,91;3,7;3,4;1,62;2,25;-;Estádio Corona;29 101;Agendado
Bolívia;División Profesional;13/09/2026;20:30;Tomayapo;Bolivar;0;0;0;0;0;-;Estádio IV Centenário;15 000;Agendado
México;Liga MX Feminina - Abertura;13/09/2026;20:00;Club America F;Tigres F;0;0;0;0;0;-;-;87 523;Agendado
México;Liga MX Feminina - Abertura;13/09/2026;20:00;Atlético San Luis F;Santos Laguna F;0;0;0;0;0;-;-;28 429;Agendado
EUA;MLS;13/09/2026;19:30;Vancouver Whitecaps;Austin FC;1,22;5,75;9,5;1,4;2,88;-;BC Place;54 405;Agendado
EUA;MLS;13/09/2026;18:30;Chicago Fire;New England Revolution;1,62;4,1;4,2;1,44;2,7;-;Soldier Field;61 500;Agendado
Brasil;Brasileirão Série B;13/09/2026;18:30;Novorizontino;Cuiabá;0;0;0;0;0;Machado B.;Estádio Dr. Jorge Ismael de Biasi;14 096;Agendado
Brasil;Brasileirão Série B;13/09/2026;18:30;Fortaleza;Ceará;0;0;0;0;0;Marcelo de Lima;Castelão;64 846;Agendado
Bolívia;División Profesional;13/09/2026;18:15;Universitario de Vinto;Independiente;0;0;0;0;0;-;Estádio Félix Capriles;35 000;Agendado
Brasil;Brasileirão Série B;13/09/2026;18:00;Juventude;Athletic Club;0;0;0;0;0;Sampaio S.;Estadio Alfredo Jaconi;19 924;Agendado
Brasil;Brasileirão Betano;13/09/2026;17:30;Flamengo;Corinthians;1,39;4,2;8;1,98;1,88;Wilton Sampaio;Maracanã;78 838;Agendado
Portugal;Liga 3;13/09/2026;16:30;Paredes;Fafe;0;0;0;0;0;-;Municipal das Laranjeiras;3 000;Agendado
Portugal;Liga Portugal;13/09/2026;16:30;Famalicão;Sporting;5,5;3,8;1,56;1,8;2;-;Estádio Municipal de Famalicão;5 307;Agendado
Espanha;LaLiga2;13/09/2026;16:00;Tenerife;Leganés;2,2;2,85;3,3;2,5;1,5;-;Estadio Heliodoro Rodríguez López;22 824;Agendado
Espanha;LaLiga;13/09/2026;16:00;Real Sociedad;Atl. Madrid;3;3,5;2,3;1,73;2,1;-;-;40 000;Agendado
Brasil;Brasileirão Série B;13/09/2026;16:00;Atlético-GO;Criciúma;0;0;0;0;0;E. Alves Batista;Estádio Antonio Accioly;12 500;Agendado
Brasil;Brasileirão Betano;13/09/2026;16:00;Mirassol;Vitória;1,71;3,5;4,75;1,95;1,85;R. Abatti Abel;Estádio José Maria de Campos Maia;15 000;Agendado
Bolívia;División Profesional;13/09/2026;16:00;Always Ready;Guabira;0;0;0;0;0;-;Estádio Municipal de El Alto;22 000;Agendado
Itália;Serie A;13/09/2026;15:45;Sassuolo;Juventus;5,25;4;1,62;1,85;2;-;Mapei Stadium – Città del Tricolore;21 525;Agendado
França;Ligue 1;13/09/2026;15:45;Brest;PSG;8;5,5;1,33;1,44;2,75;Delajod W.;Stade Francis-Le Blé;15 220;Agendado
Grécia;Superliga;13/09/2026;15:30;Panathinaikos;Panetolikos;1,27;4,5;9;1,83;1,98;-;Estádio Olímpico de Atenas;75 000;Agendado
Países Baixos;Eredivisie;13/09/2026;15:00;PSV;Sparta Rotterdam;1,17;7;11;1,22;4,2;Makkelie D.;Philips Stadion;35 000;Agendado
México;Liga MX Feminina - Abertura;13/09/2026;15:00;Puebla F;Querétaro F;0;0;0;0;0;-;Estadio Cuauhtémoc;47 704;Agendado
Grécia;Superliga;13/09/2026;15:00;PAOK;Aris;1,39;4,33;6,25;1,73;2,08;-;Toumba Stadium;28 701;Agendado
Grécia;Superliga;13/09/2026;15:00;Kifisia;Levadiakos;2,55;3,1;2,57;2,1;1,7;-;Apostolos Nikolaidis Stadium;16 003;Agendado
Croácia;HNL;13/09/2026;15:00;Hajduk Split;Slaven Belupo;0;0;0;0;0;-;Stadion Poljud;33 987;Agendado
Arábia Saudita;Liga Profissional Saudita;13/09/2026;15:00;Al-Riyadh;Al-Kholood;2,63;3,25;2,35;1,93;1,88;-;Estádio Prince Faisal bin Fahd;44 500;Agendado
Arábia Saudita;Liga Profissional Saudita;13/09/2026;15:00;Al Diriyah;Abha;1,5;3,8;5,25;1,73;2,08;-;Prince Turki bin Abdul Aziz Stadium;15 000;Agendado
Alemanha;3. Liga;13/09/2026;14:30;Hoffenheim II;Fortuna Koln;2,2;3,5;2,7;1,53;2,4;-;Dietmar-Hopp Stadion;6 350;Agendado
Noruega;Eliteserien;13/09/2026;14:15;Fredrikstad;Sarpsborg 08;2,38;3,5;2,63;1,67;2,15;Aslam U.;Fredrikstad Stadion;12 560;Agendado
Bélgica;Liga Jupiler;13/09/2026;14:15;RAAL La Louviere;Kortrijk;2,35;3,2;2,8;1,95;1,85;Visser L.;-;8 050;Agendado
Turquia;Super Lig;13/09/2026;14:00;Galatasaray;Kocaelispor;1,24;5,5;9;1,5;2,5;-;Rams Park;53 978;Agendado
Turquia;Super Lig;13/09/2026;14:00;Amedspor;Basaksehir;2,5;3,4;2,5;1,8;2;-;Diyarbakir Stadium;33 000;Agendado
Sérvia;Superliga;13/09/2026;14:00;IMT Novi Beograd;Crvena zvezda;7;4,75;1,4;1,57;2,35;-;Voždovac Stadium;5 175;Agendado
Portugal;Liga Portugal;13/09/2026;14:00;Benfica;Gil Vicente;1,11;7,5;17;1,48;2,6;-;Estádio da Luz;68 100;Agendado
Portugal;Liga Portugal;13/09/2026;14:00;Arouca;Santa Clara;2,55;3,1;2,65;2,25;1,62;-;Estádio Municipal de Arouca;5 600;Agendado
Espanha;LaLiga2;13/09/2026;13:30;Mallorca;Sabadell;1,66;3,4;4,75;2,2;1,65;-;Estadi Mallorca Son Moix;26 020;Agendado
Espanha;LaLiga;13/09/2026;13:30;Getafe;A Coruna;2,4;2,9;3,4;3,2;1,36;-;Coliseum;16 500;Agendado
Bélgica;Liga Jupiler;13/09/2026;13:30;Waregem;Charleroi;2,45;3,3;2,55;1,73;2,08;Verbeke B.;Elindus Arena;12 414;Agendado
Arábia Saudita;Liga Profissional Saudita;13/09/2026;13:20;Neom SC;Al-Fateh;1,67;3,6;4,2;1,75;2,05;-;-;12 000;Agendado
Islândia;Lengjudeildin;13/09/2026;13:15;Throttur;Njardvik;0;0;0;0;0;-;Eimskipsvöllurinn;5 478;Agendado
República Tcheca;Chance Liga;13/09/2026;13:00;Teplice;Slavia Praga;5,25;3,8;1,55;1,73;2,08;-;Na Stínadlech;18 221;Agendado
Portugal;Liga 3;13/09/2026;13:00;FC Paços de Ferreira;S. Joao Ver;0;0;0;0;0;-;Estádio da Capital do Móvel;9 076;Agendado
Portugal;Liga 3;13/09/2026;13:00;Caldas;Vitória Sernache;0;0;0;0;0;-;Campo da Mata;13 000;Agendado
Itália;Serie A;13/09/2026;13:00;Napoli;Bologna;1,73;3,6;5;2,1;1,73;-;Stadio Diego Armando Maradona;54 726;Agendado
Grécia;Superliga;13/09/2026;13:00;Asteras T.;AEK;8;4,33;1,35;1,85;1,95;-;Asteras Tripolis Stadium;7 442;Agendado
Dinamarca;Superliga;13/09/2026;13:00;Nordsjaelland;Aarhus;1,71;4,1;4;1,44;2,7;-;Right to Dream Park;10 000;Agendado
Polônia;Ekstraklasa;13/09/2026;12:30;Legia;Widzew Lodz;1,73;3,5;4,4;1,93;1,88;-;Stadion Wojska Polskiego;31 800;Agendado
Inglaterra;Premier League;13/09/2026;12:30;Manchester Utd;Manchester City;3,1;3,8;2,15;1,53;2,5;Oliver M.;Old Trafford;75 635;Agendado
Alemanha;Bundesliga;13/09/2026;12:30;Elversberg;Bayern;12;8,5;1,18;1,2;4,5;-;Waldstadion Kaiserlinde;9 970;Agendado
Itália;Serie B;13/09/2026;12:15;Mantova;Sampdoria;2,1;3;3,6;2,15;1,67;-;Stadio Danilo Martelli;11 219;Agendado
França;Ligue 1;13/09/2026;12:15;Le Mans;Lens;5,25;4,2;1,6;1,67;2,2;Ben El Hadj Salem H.;Stade Marie-Marvingt;25 064;Agendado
Suécia;Superettan;13/09/2026;12:00;Ljungskile;Falkenberg;0;0;0;0;0;-;Skarsjövallen;8 000;Agendado
Sérvia;Superliga;13/09/2026;12:00;Partizan;Vojvodina;2,5;3,6;2,5;1,62;2,25;-;Stadion Partizana;29 775;Agendado
Polônia;Divisão 1;13/09/2026;12:00;Odra Opole;S. Rzeszow;0;0;0;0;0;-;-;11 600;Agendado
Noruega;OBOS-ligaen;13/09/2026;12:00;Strömsgodset;Sandnes;1,33;4,75;6,5;1,3;3,5;Oppong F.;Estádio Marienlyst;8 935;Agendado
Noruega;OBOS-ligaen;13/09/2026;12:00;Sogndal;Strømmen;1,95;3,7;3;1,36;3,1;Al Hatem A.;Fosshaugane Campus;5 622;Agendado
Noruega;OBOS-ligaen;13/09/2026;12:00;Raufoss;Odd Grenland;4,75;4,1;1,5;1,36;3,1;Koloy M.;NAMMO Stadion;1 800;Agendado
Noruega;OBOS-ligaen;13/09/2026;12:00;Ranheim;Åsane;1,53;4,2;4,5;1,25;4;Hafezi M.;EXTRA Arena;3 000;Agendado
Noruega;OBOS-ligaen;13/09/2026;12:00;Moss;Haugesund;3,75;4,2;1,65;1,3;3,5;Holthe H.;Melløs Stadion;4 117;Agendado
Noruega;OBOS-ligaen;13/09/2026;12:00;Hødd;Lyn;2,5;3,6;2,3;1,44;2,7;Nervik H.;Estádio Høddvoll;3 120;Agendado
Noruega;OBOS-ligaen;13/09/2026;12:00;Egersunds;Kongsvinger;3;3,8;1,95;1,33;3,4;Tennoy M.;-;-;Agendado
Noruega;Eliteserien;13/09/2026;12:00;Start;Brann;3,3;3,7;1,95;1,57;2,35;Nilsen O.;Arena Sparebanken Sør;14 563;Agendado
Noruega;Eliteserien;13/09/2026;12:00;KFUM Oslo;Aalesund;2,2;3,6;2,8;1,53;2,4;Moen C.;KFUM Arena;3 300;Agendado
Noruega;Eliteserien;13/09/2026;12:00;HamKam;Molde;4,1;3,9;1,73;1,48;2,6;Kellerhals M.;Briskeby Arena;7 600;Agendado
Grécia;Superliga;13/09/2026;12:00;Kalamata;Volos;2,3;3;3;2,35;1,57;-;Estádio Metropolitano Kalamata;4 496;Agendado
Croácia;HNL;13/09/2026;12:00;Istra 1961;Rudes;0;0;0;0;0;-;Estádio Aldo Drosina;9 800;Agendado
Áustria;Bundesliga;13/09/2026;12:00;Sturm Graz;LASK;2,85;3,5;2,1;1,57;2,35;Gishamer S.;Merkur-Arena;16 364;Agendado
Países Baixos;Eerste Divisie;13/09/2026;11:45;FC Volendam;Den Bosch;1,57;4,1;4,5;1,36;3,1;-;Estádio Kras;6 984;Agendado
Países Baixos;Eredivisie;13/09/2026;11:45;Zwolle;Feyenoord;5,25;5;1,44;1,33;3,4;Bos A.;MAC³PARK Stadion;14 000;Agendado
Suíça;Superliga;13/09/2026;11:30;Luzern;Basel;2,01;3,75;3;1,4;2,88;-;-;16 800;Agendado
Suíça;Superliga;13/09/2026;11:30;Lausanne;Servette;3;3,6;2,05;1,6;2,3;-;Stade de la Tuiliere;12 544;Agendado
Suécia;Allsvenskan;13/09/2026;11:30;Malmö FF;Orgryte;1,35;4,75;6,5;1,44;2,7;-;Eleda Stadion;22 500;Agendado
Portugal;Liga Portugal 2;13/09/2026;11:30;Amarante;Leiria;2,75;3;2,38;2,1;1,7;-;Amarante Stadium;5 000;Agendado
Alemanha;3. Liga;13/09/2026;11:30;Wehen;Mannheim;2,25;3,4;2,7;1,57;2,35;-;BRITA-Arena;12 566;Agendado
Espanha;LaLiga2;13/09/2026;11:15;Valladolid;Oviedo;2,35;3;3;2,5;1,5;-;Estadio José Zorrilla;27 618;Agendado
Espanha;LaLiga;13/09/2026;11:15;Levante;Barcelona;11;8;1,2;1,29;3,75;-;Estádio Cidade de Valência;26 354;Agendado
Turquia;Super Lig;13/09/2026;11:00;Genclerbirligi;Kasimpasa;2,2;3,2;3,1;2,1;1,7;-;Eryaman Stadium;20 560;Agendado
Sérvia;Superliga;13/09/2026;11:00;Radnički Nis;OFK Beograd;2,15;3,3;3,2;2,05;1,75;-;Gradski Stadion Čair;18 151;Agendado
Islândia;Lengjudeildin;13/09/2026;16:15;Fylkir;Kopavogur;0;0;0;0;0;-;Fylkisvöllur;1 800;Agendado
Islândia;Besta-deild karla;13/09/2026;11:00;Valur;Thor Akureyri;0;0;0;0;0;-;Hlídarendi;3 000;Agendado
Islândia;Besta-deild karla;13/09/2026;11:00;Stjarnan;Vestmannaeyjar;0;0;0;0;0;-;Samsung völlurinn;1 400;Agendado
Islândia;Besta-deild karla;13/09/2026;11:00;KR Reykjavik;Akranes;0;0;0;0;0;-;KR-völlur;2 781;Agendado
Islândia;Besta-deild karla;13/09/2026;11:00;Hafnarfjordur;Akureyri;0;0;0;0;0;-;Kaplakriki;2 200;Agendado
Estônia;Meistriliiga;13/09/2026;11:00;Kuressaare;Tammeka;0;0;0;0;0;-;Kuressaare Linnastaadion;2 000;Agendado
Dinamarca;Superliga;13/09/2026;11:00;Randers;Odense;2,35;3,4;2,75;1,65;2,2;-;Cepheus Park;10 300;Agendado
Bélgica;Liga Jupiler;13/09/2026;11:00;Genk;Gent;1,91;3,5;3,4;1,75;2,05;Verboomen N.;Cegeka Arena;23 718;Agendado
Alemanha;Bundesliga;13/09/2026;10:30;RB Leipzig;Hamburger SV;1,4;5;7;1,44;2,75;-;Red Bull Arena;47 800;Agendado
Suécia;Superettan;13/09/2026;10:00;Norrkoping;Oddevold;0;0;0;0;0;-;-;17 234;Agendado
República Tcheca;Chance Liga;13/09/2026;10:00;Zlin;Hradec Kralove;3,5;3,3;2;2,03;1,78;-;Letná;5 898;Agendado
República Tcheca;Chance Liga;13/09/2026;10:00;Plzen;Sigma Olomouc;1,6;3,8;4,75;1,67;2,15;-;Doosan Aréna;11 700;Agendado
Portugal;Liga Portugal 2;13/09/2026;10:00;Chaves;Feirense;2,05;3;3,3;2,2;1,65;-;Municipal de Chaves;8 396;Agendado
Itália;Serie B;13/09/2026;10:00;Avellino;Palermo;3,7;3,1;2,01;2,05;1,75;-;Stadio Partenio;26 000;Agendado
Itália;Serie A;13/09/2026;10:00;Lecce;Monza;2,63;3,1;2,88;2,2;1,67;-;Stadio Via del Mare;40 670;Agendado
Inglaterra;Premier League;13/09/2026;10:00;Coventry;Brighton;4,2;3,75;1,83;1,8;2;Harrington T.;Coventry Building Society Arena;32 753;Agendado
França;Ligue 1;13/09/2026;10:00;Lille;Troyes;1,4;5;7,5;1,67;2,2;Lissorgue R.;Estádio Pierre-Mauroy;50 186;Agendado
Polônia;Ekstraklasa;13/09/2026;09:45;Pogon Szczecin;Wieczysta Krakow;1,95;3,4;3,5;1,65;2,2;-;Stadion Miejski w Szczecinie;21 163;Agendado
Polônia;Divisão 1;13/09/2026;09:30;Lechia;Legnica;0;0;0;0;0;-;Polsat Plus Arena;41 620;Agendado
Países Baixos;Eredivisie;13/09/2026;09:30;Heerenveen;Telstar;1,75;4,1;3,8;1,48;2,6;Gozubuyuk S.;Abe Lenstra Stadion;27 224;Agendado
Noruega;Eliteserien;13/09/2026;09:30;Viking;Kristiansund;1,22;6,5;9;1,33;3,4;Eskas E.;-;16 600;Agendado
Áustria;Bundesliga;13/09/2026;09:30;Tirol;Hartberg;2,05;3,5;3,1;1,7;2,1;Untergasser A.;Tivoli Stadion Tirol;17 000;Agendado
Áustria;Bundesliga;13/09/2026;09:30;Austria Vienna;A. Lustenau;1,79;3,6;3,7;1,8;2;Ciochirca P.;Generali Arena;17 500;Agendado
Suíça;Superliga;13/09/2026;09:00;Zurich;Vaduz;2,25;3,6;2,65;1,44;2,7;-;Letzigrund Stadion;26 104;Agendado
Suécia;Allsvenskan;13/09/2026;09:00;Hammarby;Brommapojkarna;1,17;6,5;10;1,33;3,4;-;-;33 000;Agendado
Suécia;Allsvenskan;13/09/2026;09:00;Elfsborg;Kalmar;1,76;3,5;4;1,83;1,98;-;Borås Arena;16 200;Agendado
Espanha;LaLiga2;13/09/2026;09:00;Sporting Gijón;Eldense;1,62;3,5;4,75;2,05;1,75;-;El Molinón;29 029;Agendado
Espanha;LaLiga;13/09/2026;09:00;Celta de Vigo;Málaga;1,7;3,6;5,25;2;1,8;-;Estadio Balaídos;24 870;Agendado
Dinamarca;Superliga;13/09/2026;09:00;Silkeborg;Viborg;4;4;1,71;1,53;2,4;-;Jysk Park;10 000;Agendado
Dinamarca;Superliga;13/09/2026;09:00;Lyngby;Sonderjyske;1,61;4;4,75;1,62;2,25;-;Lyngby Stadion;10 000;Agendado
Singapura;Premier League;13/09/2026;08:30;Young Lions;FC Jurong;0;0;0;0;0;-;Estádio Jalan Besar;6 000;Agendado
Estônia;Meistriliiga;13/09/2026;08:30;Paide;Harju JK Laagri;0;0;0;0;0;-;Paide linnastaadion;500;Agendado
Bélgica;Liga Jupiler;13/09/2026;08:30;Club Brugge;Antwerp;1,25;5,5;9;1,44;2,7;Laforge N.;Jan Breydel Stadion;29 062;Agendado
Alemanha;3. Liga;13/09/2026;08:30;Stuttgart II;Munster;2,15;3,4;2,8;1,6;2,3;-;Mechatronik Arena;10 001;Agendado
Alemanha;2. Bundesliga;13/09/2026;08:30;Osnabruck;Hertha;3,1;3,5;2,1;1,6;2,3;-;Stadion an der Bremer Brück;16 667;Agendado
Alemanha;2. Bundesliga;13/09/2026;08:30;Karlsruher;Cottbus;1,65;4;4,1;1,4;2,88;-;BBBank Wildpark;34 302;Agendado
Alemanha;2. Bundesliga;13/09/2026;08:30;Heidenheim;Kiel;1,91;3,6;3,6;1,53;2,4;-;Arena Voith;15 000;Agendado
República Tcheca;Chance Liga;13/09/2026;08:00;Ostrava;Pardubice;1,91;3,4;3,5;1,8;2;-;Městský stadion v Ostravě-Vítkovicích;15 123;Agendado
Inglaterra;Championship;13/09/2026;08:00;Sheffield Utd;Wolverhampton;2,75;3,3;2,25;1,8;2;Jones R.;Bramall Lane;32 050;Agendado
Polônia;Ekstraklasa;13/09/2026;07:15;Plock;Cracovia;2,5;3,25;2,6;2;1,8;-;Orlen Stadion;15 004;Agendado
Países Baixos;Eredivisie;13/09/2026;07:15;Excelsior;Utrecht;2,15;3,7;3;1,6;2,3;van der Eijk S.;-;4 700;Agendado
Portugal;Liga 3;13/09/2026;07:00;Os Belenenses;Atlético;0;0;0;0;0;-;Estádio do Restelo;19 856;Agendado
Portugal;Liga Portugal 2;13/09/2026;07:00;AFS;Farense;2,8;3;2,35;2,25;1,62;-;Estádio do Clube Desportivo das Aves;8 560;Agendado
Polônia;Divisão 1;13/09/2026;07:00;Skierniewice;Grodzisk M.;0;0;0;0;0;-;-;3 000;Agendado
Áustria;2. Liga;13/09/2026;05:30;Liefering;Polten;0;0;0;0;0;Macanovic S.;Red Bull Arena;30 188;Agendado
México;Liga MX - Abertura;13/09/2026;00:15;Cruz Azul;Club America;2,4;3,5;2,7;1,9;1,9;-;-;87 523;Agendado
EUA;MLS;12/09/2026;23:30;San Jose Earthquakes;Houston Dynamo;2,25;3,6;2,7;1,65;2,2;-;PayPal Park;18 251;Agendado
EUA;MLS;12/09/2026;23:30;Los Angeles Galaxy;Seattle Sounders;1,96;3,75;3,3;1,53;2,4;-;Dignity Health Sports Park;27 000;Agendado
EUA;USL Championship;12/09/2026;23:00;Sacramento Republic;Detroit;0;0;0;0;0;-;Heart Health Park;11 569;Agendado
EUA;USL Championship;12/09/2026;23:00;Phoenix Rising;FC Tulsa;0;0;0;0;0;-;Wild Horse Pass Stadium;10 000;Agendado
EUA;USL Championship;12/09/2026;23:00;Orange County SC;Las Vegas Lights;0;0;0;0;0;-;Championship Soccer Stadium;5 500;Agendado
EUA;USL Championship;12/09/2026;23:00;Oakland Roots;Lexington;0;0;0;0;0;-;Laney College Football Stadium;5 500;Agendado
EUA;MLS;12/09/2026;22:30;Real Salt Lake;New York City;1,79;3,75;3,8;1,62;2,25;-;America First Field;20 213;Agendado
EUA;MLS;12/09/2026;22:30;Colorado Rapids;CF Montreal;1,57;4;4,75;1,57;2,35;-;Dick's Sporting Goods Park;33 680;Agendado
México;Liga MX Feminina - Abertura;12/09/2026;22:10;Juarez F;Necaxa F;0;0;0;0;0;-;Estádio Olímpico Benito Juárez;19 703;Agendado
México;Liga MX - Abertura;12/09/2026;22:10;Monterrey;Tigres;2,1;3,4;3,1;1,6;2,3;-;-;53 500;Agendado
EUA;MLS;12/09/2026;21:30;St. Louis City;Minnesota;1,96;3,7;3,3;1,53;2,4;-;CITYPARK;22 423;Agendado
EUA;MLS;12/09/2026;21:30;Sporting Kansas City;Los Angeles FC;4,75;4,2;1,56;1,5;2,5;-;Children's Mercy Park;21 650;Agendado
EUA;MLS;12/09/2026;21:30;FC Dallas;Portland Timbers;1,71;4,1;3,9;1,36;3,1;-;Toyota Stadium;20 500;Agendado
Brasil;Brasileirão Betano;12/09/2026;21:00;Santos;Cruzeiro;2,5;3,25;2,65;1,98;1,88;B. Arleu;Vila Belmiro;16 068;Agendado
EUA;MLS;12/09/2026;20:30;Orlando City;Toronto FC;1,76;4,1;3,75;1,4;2,88;-;Inter&Co Stadium;25 500;Agendado
EUA;MLS;12/09/2026;20:30;Inter Miami;Nashville SC;1,81;4;3,5;1,4;2,88;-;-;26 700;Agendado
EUA;MLS;12/09/2026;20:30;DC United;Atlanta Utd;2,05;3,6;3,1;1,65;2,2;-;Audi Field;20 000;Agendado
EUA;MLS;12/09/2026;20:30;Columbus Crew;New York Red Bulls;1,79;3,9;3,6;1,44;2,7;-;-;20 371;Agendado
EUA;MLS;12/09/2026;20:30;Cincinnati;Charlotte;1,76;4;3,8;1,4;2,88;-;Estádio TQL;26 000;Agendado
Brasil;Brasileirão Betano;12/09/2026;20:30;Botafogo;Red Bull Bragantino;2,3;3,3;3;1,88;1,98;Mendes F.;Estádio Olímpico Nilton Santos;46 931;Agendado
Bolívia;División Profesional;12/09/2026;20:30;Blooming;Academia del Balompie;0;0;0;0;0;-;Estádio Ramón Tahuichi Aguilera Costas;38 000;Agendado
México;Liga MX Feminina - Abertura;12/09/2026;20:07;Guadalajara F;Monterrey F;0;0;0;0;0;-;Estádio Akron;46 232;Agendado
México;Liga MX - Abertura;12/09/2026;20:00;Toluca;Atlas;1,46;4,1;6,5;1,62;2,25;-;Estadio Nemesio Díez;27 273;Agendado
EUA;USL Championship;12/09/2026;20:00;Sporting Jax;Rhode Island;0;0;0;0;0;-;-;12 000;Agendado
EUA;USL Championship;12/09/2026;20:00;Pittsburgh;Loudoun;0;0;0;0;0;-;Highmark Stadium;5 000;Agendado
EUA;USL Championship;12/09/2026;20:00;Louisville City;El Paso;0;0;0;0;0;-;Lynn Family Stadium;15 304;Agendado
EUA;USL Championship;12/09/2026;20:00;Hartford Athletic;Tampa Bay;0;0;0;0;0;-;Trinity Health Stadium;10 000;Agendado
EUA;USL Championship;12/09/2026;20:00;Brooklyn;Miami FC;0;0;0;0;0;-;Maimonides Park;7 000;Agendado
EUA;USL Championship;12/09/2026;20:00;Birmingham;Charleston;0;0;0;0;0;-;Protective Stadium;47 100;Agendado
Brasil;Brasileirão Betano;12/09/2026;18:30;Palmeiras;São Paulo;1,62;3,7;4,75;2,05;1,75;Klein R.;-;43 713;Agendado
Bolívia;División Profesional;12/09/2026;18:15;The Strongest;Real Oruro;0;0;0;0;0;-;Estadio Hernando Siles;41 143;Agendado
Brasil;Brasileirão Betano;12/09/2026;17:00;Chapecoense;Internacional;3,3;3,25;2,15;1,85;1,95;Flávio Rodrigues de Souza;Arena Condá;20 089;Agendado
Portugal;Liga Portugal;12/09/2026;16:30;Académico Viseu;Vitória de Guimarães;3,5;3,25;2,01;2,08;1,73;-;Estádio do Fontelo;6 912;Agendado
Países Baixos;Eredivisie;12/09/2026;16:00;Cambuur;Nijmegen;4,5;4,75;1,53;1,33;3,4;Oostrom I.;Kooi Stadion;15 000;Agendado
Inglaterra;Premier League;12/09/2026;16:00;Sunderland;Arsenal;8;4,2;1,45;2,03;1,83;Brooks J.;Estádio da Luz;48 707;Agendado
Espanha;LaLiga2;12/09/2026;16:00;Córdoba;Almería;2,4;3,4;2,57;1,65;2,2;-;Estádio Nuevo Arcángel;21 822;Agendado
Espanha;LaLiga;12/09/2026;16:00;Real Madrid;Rayo Vallecano;1,11;9,5;21;1,3;3,5;-;Santiago Bernabéu;83 186;Agendado
Brasil;Brasileirão Betano;12/09/2026;16:00;Grêmio;Vasco;2,25;3,2;3,1;2,08;1,73;Raphael Claus;Arena do Grêmio;60 540;Agendado
Brasil;Brasileirão Betano;12/09/2026;16:00;Atlético-MG;Fluminense;2,15;3,2;3,3;2,15;1,67;Delgado M.;Arena MRV;47 465;Agendado
Bolívia;División Profesional;12/09/2026;16:00;GV San Jose;Nacional Potosí;0;0;0;0;0;-;Estádio Jesús Bermúdez;33 000;Agendado
Itália;Serie A;12/09/2026;15:45;Atalanta;Cagliari;1,55;4;6,25;1,91;1,91;-;-;24 950;Agendado
França;Ligue 1;12/09/2026;15:45;Paris FC;Lyon;2,75;3,4;2,55;1,73;2,1;Brisard J.;Stade Jean Bouin;19 904;Agendado
França;Ligue 1;12/09/2026;15:45;Lorient;Toulouse;2,6;3,3;2,75;2;1,85;Petit A.;Stade du Moustoir;16 787;Agendado
França;Ligue 1;12/09/2026;15:45;Le Havre;Angers;2,2;3,3;3,4;2,1;1,73;Buquet R.;Estádio Océane;25 178;Agendado
França;Ligue 1;12/09/2026;15:45;Auxerre;Nice;2,55;3,3;2,8;1,98;1,88;Letexier F.;Stade de l'Abbé-Deschamps;17 924;Agendado
Bélgica;Liga Jupiler;12/09/2026;15:45;Royale Union SG;Lommel SK;1,2;5,5;10;1,44;2,7;Araki Y.;Stade Joseph Marien;9 400;Agendado
Bélgica;Liga Jupiler;12/09/2026;15:45;Leuven;Cercle Brugge;2,5;3,4;2,5;1,62;2,25;Van Driessche B.;Den Dreef;10 020;Agendado
Sérvia;Superliga;12/09/2026;15:30;Radnicki 1923;Mladost;1,65;3,7;5;2,05;1,75;-;Estádio Čika Dača;15 022;Agendado
Alemanha;2. Bundesliga;12/09/2026;15:30;St. Pauli;Wolfsburg;2,5;3,5;2,5;1,53;2,4;-;Millerntor-Stadion;29 546;Agendado
Polônia;Ekstraklasa;12/09/2026;15:15;Zaglebie;Katowice;2,6;3,25;2,5;1,83;1,98;-;KGHM Zaglebie Arena;16 086;Agendado
Países Baixos;Eredivisie;12/09/2026;15:00;Sittard;Ajax;7;4,75;1,38;1,36;3,1;Manschot J.;Fortuna Sittard Stadion;12 500;Agendado
Noruega;OBOS-ligaen;12/09/2026;15:00;Bryne;Stabaek;2,88;3,5;2,05;1,53;2,4;Hauge S.;Bryne Stadion;4 000;Agendado
Grécia;Superliga;12/09/2026;15:00;Iraklis;Atromitos;2,82;3,2;2,4;2,15;1,67;-;Kaftanzoglio Stadium;27 770;Agendado
França;Ligue 2;12/09/2026;15:00;Dunkerque;St. Etienne;4,33;3,5;1,7;1,7;2,1;Benchabane F.;Stade Marcel Tribut;4 933;Agendado
Croácia;HNL;12/09/2026;15:00;Lok. Zagreb;Rijeka;0;0;0;0;0;-;Stadion Maksimir;35 423;Agendado
Arábia Saudita;Liga Profissional Saudita;12/09/2026;15:00;Al-Shabab;Al-Fayha;1,62;3,75;4,33;1,62;2,25;-;Al-Shabab Club Stadium;15 000;Agendado
Arábia Saudita;Liga Profissional Saudita;12/09/2026;15:00;Al-Khaleej;Al Nassr Riyadh;8;5,25;1,29;1,4;2,88;-;Prince Mohamed bin Fahd Stadium;26 000;Agendado
Itália;Serie B;12/09/2026;14:30;Cesena;Cremonese;3,25;3;2,2;1,95;1,85;-;Estádio Dino Manuzzi;23 860;Agendado
Áustria;Bundesliga;12/09/2026;14:30;Wolfsberger;SK Rapid;4,5;3,75;1,62;1,57;2,35;Sadikovski A.;Lavanttal-Arena;7 300;Agendado
Turquia;Super Lig;12/09/2026;14:00;Konyaspor;Trabzonspor;3,6;3,5;1,91;1,67;2,15;-;Konya Buyuksehir Belediye Stadium;42 000;Agendado
Turquia;Super Lig;12/09/2026;14:00;Alanyaspor;Goztepe;2,1;3,4;3,1;2;1,8;-;-;10 128;Agendado
Suíça;Superliga;12/09/2026;14:00;Lugano;Young Boys;2,4;3,7;2,4;1,36;3,1;-;-;8 150;Agendado
Portugal;Liga Portugal;12/09/2026;14:00;Casa Pia;Porto;9;5,25;1,24;1,75;2,05;-;Estádio Municipal de Rio Maior;7 000;Agendado
Países Baixos;Eredivisie;12/09/2026;13:45;G.A. Eagles;Groningen;2,25;3,8;2,63;1,48;2,6;Higler D.;De Adelaarshorst;10 400;Agendado
Sérvia;Superliga;12/09/2026;13:30;Cukaricki;Novi Pazar;2,3;3,4;2,9;1,95;1,85;-;Stadion na Banovom brdu;4 070;Agendado
País de Gales;Premier League;12/09/2026;13:30;Colwyn Bay;Connah's Q.;0;0;0;0;0;Owen T.;Llanelian Road;3 000;Agendado
Inglaterra;Premier League;12/09/2026;13:30;Tottenham;Everton;2;3,6;3,6;1,91;1,91;England D.;Tottenham Hotspur Stadium;62 850;Agendado
Espanha;LaLiga2;12/09/2026;13:30;Granada;Albacete;2,05;3,2;3,4;2,1;1,7;-;Estádio Nuevo Los Cármenes;22 524;Agendado
Espanha;LaLiga2;12/09/2026;13:30;Girona;Castellón;2,05;3,4;3,1;1,7;2,1;-;Estádio Municipal de Montilivi;14 624;Agendado
Espanha;LaLiga;12/09/2026;13:30;Ath. Bilbao;Elche;1,4;4,75;7,5;1,67;2,2;-;Estadio San Mamés;53 331;Agendado
Alemanha;Bundesliga;12/09/2026;13:30;Köln;Bremen;2,05;3,8;3,3;1,57;2,38;-;RheinEnergieStadion;50 000;Agendado
Bélgica;Liga Jupiler;12/09/2026;13:15;Westerlo;St. Liege;2,45;3,4;2,55;1,6;2,3;Put B.;Het Kuipje;9 000;Agendado
Suíça;Superliga;12/09/2026;13:00;Thun;Grasshoppers;1,68;3,9;4,1;1,48;2,6;-;Arena Stockhorn;10 000;Agendado
Suíça;Superliga;12/09/2026;13:00;St. Gallen;Sion;2,05;3,7;3;1,4;2,88;-;Kybunpark;20 660;Agendado
República Tcheca;Chance Liga;12/09/2026;13:00;Sparta Praga;Jablonec;1,44;4,2;6;1,6;2,3;-;epet ARENA;18 349;Agendado
Portugal;Liga 3;12/09/2026;13:00;Lusitano Évora;Covilha;0;0;0;0;0;-;-;-;Agendado
Noruega;Eliteserien;12/09/2026;13:00;Rosenborg;Tromsö;1,7;3,75;4,5;1,65;2,2;Hansen T.;Estádio Lerkendal;21 426;Agendado
Itália;Serie A;12/09/2026;13:00;Lazio;AC Milan;3,3;3,2;2,3;2,3;1,62;-;Stadio Olimpico;70 634;Agendado
Grécia;Superliga;12/09/2026;13:00;Olympiacos;OFI Crete;1,17;6,25;11;1,44;2,7;-;Georgios Karaiskakis Stadium;33 296;Agendado
Arábia Saudita;Liga Profissional Saudita;12/09/2026;12:50;Al-Taawon;Al-Hilal;7,5;4,75;1,27;1,53;2,4;-;Al Taawon Arena;25 000;Agendado
Suécia;Allsvenskan;12/09/2026;12:30;Göteborg;Halmstad;1,46;4,1;5,75;1,57;2,35;-;Gamla Ullevi;18 416;Agendado
Polônia;Ekstraklasa;12/09/2026;12:30;Gornik Zabrze;Lech;2,75;3,4;2,3;1,65;2,2;-;Stadion im. Ernesta Pohla;28 236;Agendado
Áustria;2. Liga;12/09/2026;12:30;BW Linz;Hertha Wels;0;0;0;0;0;Semler J.;Hofmann Personal Stadion;5 995;Agendado
Itália;Serie B;12/09/2026;12:15;Catanzaro;Carrarese;1,91;3,1;3,8;1,9;1,9;-;Stadio Nicola Ceravolo;14 650;Agendado
França;Ligue 1;12/09/2026;12:15;Strasbourg;Monaco;3,1;3,75;2,15;1,57;2,38;Wattellier E.;Stade de la Meinau;32 300;Agendado
Portugal;Liga 3;12/09/2026;12:00;Trofense;Leça;0;0;0;0;0;-;Estádio do Clube Desportivo Trofense;5 074;Agendado
Portugal;Liga 3;12/09/2026;12:00;Louletano;UD Santarém;0;0;0;0;0;-;-;-;Agendado
Portugal;Liga 3;12/09/2026;12:00;AD Marco 09;Guimaraes B;0;0;0;0;0;-;-;-;Agendado
Croácia;HNL;12/09/2026;12:00;Osijek;Din. Zagreb;0;0;0;0;0;-;Opus Arena;13 005;Agendado
Áustria;Bundesliga;12/09/2026;12:00;Altach;Grazer;2,1;3,25;3,1;1,85;1,95;Spurny J.;Arena Cashpoint;8 500;Agendado
Portugal;Liga Portugal;12/09/2026;11:30;Nacional;Alverca;2,5;3,2;2,65;2,05;1,75;-;Estádio da Madeira;5 200;Agendado
Países Baixos;Eerste Divisie;12/09/2026;11:30;Roda;Vitesse;2,1;3,5;3;1,62;2,25;Kooij J.;Parkstad Limburg Stadion;19 979;Agendado
Países Baixos;Eredivisie;12/09/2026;11:30;Twente;Den Haag;1,22;5,75;11;1,36;3,1;van der Laan J.;De Grolsch Veste;30 000;Agendado
Alemanha;3. Liga;12/09/2026;11:30;Aachen;Regensburg;1,57;3,9;4,5;1,53;2,4;-;New Tivoli;32 960;Agendado
Espanha;LaLiga2;12/09/2026;11:15;Cádiz;Las Palmas;2,5;3,1;2,57;2,05;1,75;-;-;20 776;Agendado
Espanha;LaLiga;12/09/2026;11:15;Osasuna;Espanyol;2,1;3,25;3,75;2,2;1,67;-;Estadio El Sadar;23 516;Agendado
Turquia;Super Lig;12/09/2026;11:00;Samsunspor;Corum;1,96;3,4;3,5;1,95;1,85;-;Estádio Samsun 19 Mayis;33 919;Agendado
Turquia;Super Lig;12/09/2026;11:00;Eyupspor;Rizespor;4;3,4;1,79;1,95;1,85;-;Estádio Recep Tayyip Erdoğan;14 234;Agendado
Portugal;Liga 3;12/09/2026;11:00;Varzim;SC Vianense;0;0;0;0;0;-;Estádio do Varzim Sport Club;7 280;Agendado
Noruega;Eliteserien;12/09/2026;11:00;Lilleström;Vålerenga;1,83;3,8;3,6;1,44;2,7;Saggi R.;Åråsen Stadion;11 500;Agendado
Islândia;Divisão 2;12/09/2026;11:00;Throttur Vogar;Magni;0;0;0;0;0;-;-;-;Agendado
Islândia;Divisão 2;12/09/2026;11:00;Selfoss;KFG Gardabaer;0;0;0;0;0;-;-;-;Agendado
Islândia;Divisão 2;12/09/2026;11:00;Olafsvik;KFA;0;0;0;0;0;-;-;-;Agendado
Islândia;Divisão 2;12/09/2026;11:00;Kormakur/Hvot;Fjolnir;0;0;0;0;0;-;-;-;Agendado
Islândia;Divisão 2;12/09/2026;11:00;Kari;Haukar;0;0;0;0;0;-;-;-;Agendado
Islândia;Divisão 2;12/09/2026;11:00;Dalvik/Reynir;Hviti;0;0;0;0;0;-;-;-;Agendado
Inglaterra;League Two;12/09/2026;11:00;York;Swindon;1,57;3,8;4,5;1,62;2,25;Drysdale D.;York Community Stadium;8 500;Agendado
Inglaterra;League Two;12/09/2026;11:00;Walsall;Rochdale;1,91;3,5;3,3;1,8;2;O'Connor J.;Estádio Bescot;11 300;Agendado
Inglaterra;League Two;12/09/2026;11:00;Shrewsbury;Northampton;2,45;3,1;2,57;2,2;1,65;Heaslip E.;The Croud Meadow;9 877;Agendado
Inglaterra;League Two;12/09/2026;11:00;Rotherham;Salford;3;3,4;2,05;1,75;2,05;Whitestone D.;Aesseal New York Stadium;12 021;Agendado
Inglaterra;League Two;12/09/2026;11:00;Port Vale;Exeter;1,91;3,4;3,6;2,03;1,83;Doughty L.;Vale Park;19 052;Agendado
Inglaterra;League Two;12/09/2026;11:00;Oldham;Chesterfield;2,25;3,25;2,82;1,95;1,85;Corlett M.;Boundary Park;13 513;Agendado
Inglaterra;League Two;12/09/2026;11:00;Newport;Fleetwood;3,25;3,25;2,05;1,9;1,95;S. Gill;Rodney Parade;7 850;Agendado
Inglaterra;League Two;12/09/2026;11:00;Gillingham FC;Tranmere;2,5;3,2;2,5;2,05;1,75;A. Young;Priestfield Stadium;11 582;Agendado
Inglaterra;League Two;12/09/2026;11:00;Colchester;Crewe;2,01;3,4;3,1;1,85;2;Parkinson S.;Estádio Colchester Community;10 105;Agendado
Inglaterra;League Two;12/09/2026;11:00;Barnet;Accrington;1,49;3,9;5,25;1,65;2,2;Hair N.;The Hive Stadium;6 500;Agendado
Inglaterra;League One;12/09/2026;11:00;Wimbledon;Doncaster;2,55;3,2;2,45;1,95;1,85;Swallow E.;The Cherry Red Records Stadium;9 215;Agendado
Inglaterra;League One;12/09/2026;11:00;Stockport;Leicester;1,81;3,7;3,5;1,65;2,2;Kirk T.;Edgeley Park;10 841;Agendado
Inglaterra;League One;12/09/2026;11:00;Sheffield Wednesday;Wigan;1,76;3,5;3,8;1,62;2,25;Stockbridge S.;Hillsborough;39 732;Agendado
Inglaterra;League One;12/09/2026;11:00;Plymouth;Barnsley;1,56;3,9;4,75;1,53;2,4;Woods M.;Home Park;18 173;Agendado
Inglaterra;League One;12/09/2026;11:00;Oxford Utd;Burton;1,76;3,4;4;1,93;1,93;Davis W.;Estádio Kassam;12 500;Agendado
Inglaterra;League One;12/09/2026;11:00;Milton Keynes;Peterborough;1,86;3,6;3,4;1,57;2,35;Oldham S.;Stadium MK;30 500;Agendado
Inglaterra;League One;12/09/2026;11:00;Mansfield;Huddersfield;3,5;3,4;1,91;1,73;2,08;Coy M.;One Call Stadium;10 022;Agendado
Inglaterra;League One;12/09/2026;11:00;Cambridge Utd;Reading;2,45;3,1;2,65;2;1,85;Yates O.;Estádio Abbey;7 937;Agendado
Inglaterra;League One;12/09/2026;11:00;Blackpool;Bromley;1,76;3,5;4;1,83;2,03;Speedie B.;Bloomfield Road;16 616;Agendado
Inglaterra;Championship;12/09/2026;11:00;Watford;Stoke;2,3;3,25;2,75;1,91;1,91;L. Smith;Vicarage Road;22 200;Agendado
Inglaterra;Championship;12/09/2026;11:00;Swansea;Burnley;2,1;3,3;3;1,8;2;Bell J.;Swansea.com Stadium;21 088;Agendado
Inglaterra;Championship;12/09/2026;11:00;Southampton;Bristol City;1,62;3,75;4,75;1,62;2,3;Allison S.;St. Mary's Stadium;32 384;Agendado
Inglaterra;Championship;12/09/2026;11:00;Preston;Lincoln;2,2;3,3;2,82;1,88;1,98;Martin S.;Deepdale;23 408;Agendado
Inglaterra;Championship;12/09/2026;11:00;Middlesbrough;Norwich;1,71;3,75;4;1,62;2,3;Herczeg A.;Riverside Stadium;34 742;Agendado
Inglaterra;Championship;12/09/2026;11:00;Charlton;Portsmouth;2,45;3,1;2,65;2,2;1,67;Kitchen A.;The Valley;27 111;Agendado
Inglaterra;Championship;12/09/2026;11:00;Blackburn;Millwall;2,82;3,25;2,3;1,88;1,98;J. Smith;Ewood Park;31 367;Agendado
Inglaterra;Premier League;12/09/2026;11:00;Liverpool;Fulham;1,42;5;6,5;1,44;2,75;Bramall T.;Anfield;61 276;Agendado
Inglaterra;Premier League;12/09/2026;11:00;Crystal Palace;Ipswich;1,83;3,8;4;1,8;2;Kavanagh C.;Selhurst Park;25 486;Agendado
Inglaterra;Premier League;12/09/2026;11:00;Chelsea;Hull;1,22;6,5;11;1,4;3;Hallam F.;Stamford Bridge;40 341;Agendado
Inglaterra;Premier League;12/09/2026;11:00;Bournemouth;Brentford;2,5;3,6;2,7;1,62;2,3;Gillett J.;Vitality Stadium;11 307;Agendado
Inglaterra;Premier League;12/09/2026;11:00;Aston Villa;Nottingham;2,15;3,4;3,4;1,91;1,91;Madley A.;Villa Park;42 789;Agendado
Estônia;Meistriliiga;12/09/2026;11:00;Nomme Utd;Flora;0;0;0;0;0;-;Männiku Stadium;1 000;Agendado
Escócia;Championship;12/09/2026;11:00;Raith;Arbroath;1,83;3,4;3,75;2,1;1,7;McFarlane D.;Stark's Park;8 867;Agendado
Escócia;Championship;12/09/2026;11:00;Dunfermline;Queen's Park;1,45;4;5,75;1,8;2;Hardie R.;East End Park;11 480;Agendado
Escócia;Championship;12/09/2026;11:00;Ayr;Inverness;2,7;3,1;2,3;2,08;1,73;-;Somerset Park;10 185;Agendado
Bélgica;Liga Jupiler;12/09/2026;11:00;Beveren;St. Truiden;3;3,4;2,15;1,57;2,35;van Damme K.;Freethiel Stadion;8 190;Agendado
Polônia;Divisão 1;12/09/2026;10:30;Warta Poznan;Arka;0;0;0;0;0;-;Estádio em Drodze Dębińskiej;2 500;Agendado
Polônia;Divisão 1;12/09/2026;10:30;Ruch;Podbeskidzie;0;0;0;0;0;-;-;54 378;Agendado
Polônia;Divisão 1;12/09/2026;10:30;Chrobry Glogow;Pogon Siedlce;0;0;0;0;0;-;Stadion Chrobrego;2 817;Agendado
Áustria;2. Liga;12/09/2026;10:30;Bregenz;FAC Wien;0;0;0;0;0;Bosnjak S.;ImmoAgentur Stadion;12 000;Agendado
Áustria;2. Liga;12/09/2026;10:30;A. Salzburg;Sturm Graz II;0;0;0;0;0;Gachter M.;Max-Aicher-Stadion;1 766;Agendado
Alemanha;Bundesliga;12/09/2026;10:30;Mainz;Frankfurt;1,95;4;3,4;1,5;2,63;-;Mewa Arena;34 000;Agendado
Alemanha;Bundesliga;12/09/2026;10:30;Hoffenheim;Stuttgart;2,3;4;2,7;1,4;3;-;-;30 150;Agendado
Alemanha;Bundesliga;12/09/2026;10:30;Freiburg;Monchengladbach;1,67;4,33;4,5;1,53;2,5;-;Europa-Park Stadion;34 700;Agendado
Alemanha;Bundesliga;12/09/2026;10:30;Dortmund;Paderborn;1,25;6,5;10;1,36;3,2;-;Signal Iduna Park;81 365;Agendado
Alemanha;Bundesliga;12/09/2026;10:30;Augsburg;Leverkusen;4,2;4,2;1,73;1,44;2,75;-;WWK Arena;30 660;Agendado
Suécia;Allsvenskan;12/09/2026;10:00;AIK Stockholm;Västerås SK;1,91;3,7;3,4;1,62;2,25;-;Strawberry Arena;50 000;Agendado
República Tcheca;Chance Liga;12/09/2026;10:00;Liberec;Mlada Boleslav;1,7;3,6;4,33;1,73;2,08;-;Stadión U Nisy;9 900;Agendado
República Tcheca;Chance Liga;12/09/2026;10:00;Brno;Artis Brno;1,5;3,9;5,5;1,7;2,1;-;-;10 600;Agendado
República Tcheca;Chance Liga;12/09/2026;10:00;Bohemians;Slovacko;2,1;3,4;3,25;1,88;1,93;-;Ďolíček;6 300;Agendado
Portugal;Liga Portugal 2;12/09/2026;10:00;Felgueiras;Penafiel;2,15;3;3,1;2,3;1,6;-;Stadion Dr. Machado de Matos;7 540;Agendado
Itália;Serie B;12/09/2026;10:00;Vicenza Virtus;Juve Stabia;1,91;3,1;4,2;2,15;1,67;-;Stadio Romeo Menti;12 000;Agendado
Itália;Serie B;12/09/2026;10:00;Sudtirol;Modena;3,2;2,85;2,25;2,25;1,62;-;Stadio Marco Druso;5 539;Agendado
Itália;Serie B;12/09/2026;10:00;Padova;Ascoli;2,1;3,25;3,1;2,1;1,7;-;Estádio Euganeo;32 420;Agendado
Itália;Serie A;12/09/2026;10:00;Genoa;Frosinone;2,1;3,3;3,6;1,98;1,88;-;Stadio Luigi Ferraris;36 599;Agendado
Polônia;Ekstraklasa;12/09/2026;09:45;Slask;Korona;2,5;3,3;2,55;1,8;2;-;Tarczynski Arena;45 105;Agendado
França;Ligue 2;12/09/2026;09:00;Sochaux;Nantes;3,2;3;2,15;2,15;1,67;Souifi A.;Stade Auguste Bonal;20 005;Agendado
França;Ligue 2;12/09/2026;09:00;Guingamp;Annecy;2,1;3;3,25;1,98;1,83;Gaillouste P.;Stade de Roudourou;19 060;Agendado
Espanha;LaLiga2;12/09/2026;09:00;Andorra;Real Sociedad B;1,53;3,9;5,25;1,67;2,15;-;-;5 600;Agendado
Espanha;LaLiga;12/09/2026;09:00;Racing Santander;Alavés;2,4;3,5;2,8;1,73;2,1;-;Estadio El Sardinero;22 514;Agendado
Alemanha;3. Liga;12/09/2026;09:00;Verl;Meppen;1,75;3,7;3,6;1,5;2,5;-;Sportclub Arena;5 207;Agendado
Alemanha;3. Liga;12/09/2026;09:00;Saarbrucken;Ingolstadt;2,1;3,4;2,8;1,57;2,35;-;Ludwigspark Stadion;16 003;Agendado
Alemanha;3. Liga;12/09/2026;09:00;RW Essen;Wurzburger Kickers;1,7;3,6;4,2;1,67;2,15;-;Stadion an der Hafenstrasse;20 352;Agendado
Alemanha;3. Liga;12/09/2026;09:00;Havelse;Grossaspach;2,6;3,4;2,25;1,65;2,2;-;-;-;Agendado
Alemanha;3. Liga;12/09/2026;09:00;Dusseldorf;Duisburg;2,35;3,25;2,6;1,8;2;-;Merkur Spiel-Arena;54 600;Agendado
Singapura;Premier League;12/09/2026;08:30;Hougang;Lion City;0;0;0;0;0;-;Estádio Jalan Besar;6 000;Agendado
Inglaterra;League Two;12/09/2026;08:30;Grimsby;Bristol Rovers;2,25;3,5;2,7;1,73;2,08;Duckworth E.;Blundell Park;9 052;Agendado
Inglaterra;League Two;12/09/2026;08:30;Crawley;Cheltenham;2,2;3,4;2,75;1,73;2,08;Toner B.;The People’s Pension Stadium;6 134;Agendado
Inglaterra;League One;12/09/2026;08:30;Notts County;Bradford City;3;3,1;2,25;2,1;1,7;Chilowicz A.;Meadow Lane;20 211;Agendado
Inglaterra;League One;12/09/2026;08:30;Leyton Orient;Wycombe;2,45;3,4;2,45;1,73;2,08;Mather S.;Brisbane Road;9 271;Agendado
Inglaterra;Championship;12/09/2026;08:30;West Bromwich;QPR;1,86;3,5;3,6;1,8;2;Ricardo R.;The Hawthorns;26 688;Agendado
Inglaterra;Championship;12/09/2026;08:30;Derby;Birmingham;3,1;3,25;2,15;2,05;1,8;Busby J.;Pride Park;33 597;Agendado
Inglaterra;Championship;12/09/2026;08:30;Bolton;Cardiff;2,35;3,5;2,57;1,62;2,3;Parsons T.;Toughsheet Community Stadium;28 723;Agendado
Estônia;Meistriliiga;12/09/2026;08:30;Levadia;Parnu JK Vaprus;0;0;0;0;0;-;A. Le Coq Arena;14 336;Agendado
Estônia;Meistriliiga;12/09/2026;08:30;Kalju;Narva;0;0;0;0;0;-;Hiiu Stadium;650;Agendado
Alemanha;2. Bundesliga;12/09/2026;08:00;Magdeburg;Kaiserslautern;2;3,75;3,3;1,53;2,4;-;Avnet-Arena;30 098;Agendado
Alemanha;2. Bundesliga;12/09/2026;08:00;Braunschweig;Dresden;2,75;3,3;2,5;1,62;2,25;-;Estádio Eintracht;23 325;Agendado
Alemanha;2. Bundesliga;12/09/2026;08:00;Bochum;Furth;1,85;3,75;3,75;1,62;2,25;-;Vonovia Ruhrstadion;26 000;Agendado
Portugal;Liga 3;12/09/2026;07:00;Oliveirense;Mafra;0;0;0;0;0;-;Estádio Carlos Osório;1 750;Agendado
Portugal;Liga Portugal 2;12/09/2026;07:00;Portimonense;Tondela;2,9;3,1;2,2;2,08;1,73;-;Estádio Municipal de Portimão;9 544;Agendado
México;Liga MX Feminina - Abertura;12/09/2026;00:06;Atlas F;Atlante F;0;0;0;0;0;-;Estadio Jalisco;55 020;Agendado
México;Liga MX - Abertura;12/09/2026;00:00;Tijuana;Querétaro;1,91;3,4;3,6;1,8;2;-;Estádio Caliente;29 533;Agendado
México;Liga MX - Abertura;12/09/2026;00:00;Atlante;Pachuca;3;3,3;2,15;1,75;2,05;-;-;87 523;Agendado
EUA;USL Championship;11/09/2026;23:00;Colorado Springs;San Antonio;0;0;0;0;0;-;Weidner Field;8 000;Agendado
EUA;USL Championship;11/09/2026;22:30;New Mexico;Indy Eleven;0;0;0;0;0;-;Rio Grande Credit Union Field at Isotopes Park;13 500;Agendado
México;Liga MX Feminina - Abertura;11/09/2026;22:00;Cruz Azul F;U.N.A.M. F;0;0;0;0;0;-;-;9 670;Agendado
México;Liga MX - Abertura;11/09/2026;22:00;Necaxa;Puebla;1,91;3,7;3,4;1,7;2,1;-;Estádio Victoria;23 851;Agendado
Brasil;Brasileirão Betano;11/09/2026;21:00;Coritiba;Athletico-PR;2,65;3,1;2,65;2,1;1,7;Wagner do Nascimento;Estádio Couto Pereira;40 502;Agendado
Bolívia;División Profesional;11/09/2026;21:00;Real Potosi;Oriente Petrolero;0;0;0;0;0;-;Estádio Víctor Agustín Ugarte;35 000;Agendado
Bolívia;División Profesional;11/09/2026;19:00;SA Bulo Bulo;Aurora;0;0;0;0;0;-;Estadio Dr. Carlos Villegas;17 000;Agendado
Portugal;Liga Portugal 2;11/09/2026;16:45;Académica;Benfica B;2,25;3,1;2,88;2;1,8;-;Estádio EFAPEL Cidade de Coimbra;29 622;Agendado
Itália;Serie B;11/09/2026;16:00;Pisa;Entella;1,68;3,2;5;2,25;1,62;-;Arena Garibaldi - Stadio Romeo Anconetani;14 869;Agendado
Itália;Serie B;11/09/2026;16:00;Benevento;Verona;2,7;3,2;2,45;2,05;1,75;-;Stadio Ciro Vigorito;25 000;Agendado
Inglaterra;Championship;11/09/2026;16:00;West Ham;Wrexham;1,56;3,9;4,75;1,67;2,2;Donohue M.;London Stadium;62 500;Agendado
Espanha;LaLiga;11/09/2026;16:00;Sevilla;Valencia;2,15;3,25;3,6;2,3;1,62;-;Estadio Ramón Sánchez Pizjuán;42 714;Agendado
Polônia;Divisão 1;11/09/2026;15:45;Puszcza;LKS Lodz;3;3,2;2,15;1,95;1,85;-;Stadion Miejski w Niepołomicach;2 118;Agendado
País de Gales;Premier League;11/09/2026;15:45;Trefelin;Penybont;0;0;0;0;0;Charlton-Fleming C.;Ynys Park;1 000;Agendado
País de Gales;Premier League;11/09/2026;15:45;Haverfordwest;Briton Ferry;0;0;0;0;0;Markham-Jones B.;Estádio Bridge Meadow;2 000;Agendado
País de Gales;Premier League;11/09/2026;15:45;Flint;Cardiff Metropolitan;0;0;0;0;0;Davies S.;Essity Stadium;3 000;Agendado
País de Gales;Premier League;11/09/2026;15:45;Cambrian United;Holywell;0;0;0;0;0;Roy Kenny;-;-;Agendado
País de Gales;Premier League;11/09/2026;15:45;Barry;Llandudno;0;0;0;0;0;Walker J.;Jenner Park;2 650;Agendado
País de Gales;Premier League;11/09/2026;15:45;Ammanford;Caernarfon;0;0;0;0;0;Griffith I. A.;-;2 000;Agendado
País de Gales;Premier League;11/09/2026;15:45;Airbus;TNS;0;0;0;0;0;N. Pratt;The Airfield;2 100;Agendado
Itália;Serie A;11/09/2026;15:45;Venezia;Fiorentina;3,1;3,4;2,3;1,8;2;-;Stadio Pierluigi Penzo;12 048;Agendado
França;Ligue 1;11/09/2026;15:45;Rennes;Marseille;2,1;3,8;3,2;1,57;2,38;Stinat J.;Stade de la Route de Lorient;29 778;Agendado
Bélgica;Liga Jupiler;11/09/2026;15:45;KV Mechelen;Anderlecht;3,75;3,5;1,85;1,75;2,05;Lambrechts E.;-;16 672;Agendado
Polônia;Ekstraklasa;11/09/2026;15:30;Wisla;Jagiellonia;2,15;3,6;2,88;1,57;2,35;-;Synerise Arena - Stadion Miejski im. Henryka Reymana;33 326;Agendado
Espanha;LaLiga2;11/09/2026;15:30;Burgos;Ceuta;1,62;3,75;5,25;1,85;1,95;-;Estádio El Plantío;12 194;Agendado
Escócia;Championship;11/09/2026;15:30;Morton;Livingston;5,25;4;1,48;1,7;2,1;Stirling C.;Cappielow Park;11 589;Agendado
Áustria;2. Liga;11/09/2026;15:30;Innsbruck;Voitsberg;0;0;0;0;0;Sampl S.;Stadion Tivoli NEU;17 000;Agendado
Alemanha;Bundesliga;11/09/2026;15:30;Union Berlin;Schalke;2,25;3,5;3,1;1,62;2,3;-;Stadion An der Alten Försterei;22 012;Agendado
Países Baixos;Eerste Divisie;11/09/2026;15:00;Venlo;Oss;1,76;4;4;1,44;2,7;Hardeman T.;-;8 000;Agendado
Países Baixos;Eerste Divisie;11/09/2026;15:00;Maastricht;Almere City;3;3,8;2,1;1,44;2,7;Hensgens R.;De Geusselt;10 000;Agendado
Países Baixos;Eerste Divisie;11/09/2026;15:00;Jong Ajax;Waalwijk;3,3;4;1,91;1,44;2,7;Wolff A.;Sportcomplex De Toekomst;2 250;Agendado
Países Baixos;Eerste Divisie;11/09/2026;15:00;Heracles;Jong AZ;1,37;5;7;1,29;3,6;Perez M.;Asito Stadium;12 242;Agendado
Países Baixos;Eerste Divisie;11/09/2026;15:00;Helmond;Jong PSV;2,55;3,8;2,4;1,48;2,6;Kuipers J.;-;3 600;Agendado
Países Baixos;Eerste Divisie;11/09/2026;15:00;FC Emmen;Graafschap;2,01;3,8;3,2;1,33;3,4;Teuben S.;De Oude Meerdijk;8 309;Agendado
Países Baixos;Eerste Divisie;11/09/2026;15:00;Eindhoven;Dordrecht;2,4;3,6;2,57;1,53;2,4;Boel N.;Estádio Jan Louwers;4 600;Agendado
Países Baixos;Eerste Divisie;11/09/2026;15:00;Breda;Jong Utrecht;1,25;6;9;1,36;3,1;Gerrets L.;Rat Verlegh Stadion;20 500;Agendado
Países Baixos;Eredivisie;11/09/2026;15:00;Alkmaar;Willem II;1,13;8;15;1,29;3,6;van den Kerkhof M.;AFAS Stadion;19 500;Agendado
França;Ligue 2;11/09/2026;15:00;Rodez;Grenoble;1,7;3,4;4,33;1,83;1,98;Henry G.;Stade Paul-Lignon;5 955;Agendado
França;Ligue 2;11/09/2026;15:00;Nancy;Reims;3;3,1;2,15;1,88;1,93;Millot B.;Stade Marcel Picot;20 087;Agendado
França;Ligue 2;11/09/2026;15:00;Montpellier;Pau;1,8;3,25;3,9;1,83;1,98;Valnet A.;Stade de la Mosson;20 484;Agendado
França;Ligue 2;11/09/2026;15:00;Dijon;Laval;2;3;3,5;2;1,8;Roffet B.;Estádio Gaston Gérard;15 459;Agendado
França;Ligue 2;11/09/2026;15:00;Clermont;Boulogne;2,2;2,8;3,2;2,5;1,5;Retail P.;Stade Gabriel Montpied;10 800;Agendado
Arábia Saudita;Liga Profissional Saudita;11/09/2026;15:00;Al-Ahli;Al Hazem;1,3;4,75;7,5;1,57;2,35;-;Estádio King Abdullah Sports City;62 345;Agendado
Portugal;Liga Portugal 2;11/09/2026;14:45;Torreense;Leixões;2,1;3,2;3,2;1,85;1,95;-;Estádio Manuel Marques;2 431;Agendado
Áustria;Bundesliga;11/09/2026;14:30;Ried;Red Bull Salzburg;5;4,33;1,56;1,5;2,5;Schnur J.;Innviertel Arena;7 300;Agendado
Turquia;Super Lig;11/09/2026;14:00;Besiktas;Erzurumspor;1,24;5;11;1,7;2,1;-;-;42 684;Agendado
Suécia;Allsvenskan;11/09/2026;14:00;Hacken;Mjallby;1,56;4,2;5;1,53;2,4;Johnson O.;-;6 300;Agendado
Itália;Serie B;11/09/2026;14:00;Empoli;Arezzo;1,96;3,1;3,9;2,2;1,65;-;Stadio Carlo Castellani;16 284;Agendado
Dinamarca;Superliga;11/09/2026;14:00;FC Copenhagen;Horsens;1,25;6;8,5;1,5;2,5;-;Parken Stadium;38 065;Agendado
Alemanha;3. Liga;11/09/2026;14:00;Viktoria Koln;Rostock;2,8;3,5;2,15;1,53;2,4;-;Sportpark Hohenberg;8 343;Agendado
Sérvia;Superliga;11/09/2026;13:30;Zeleznicar Pancevo;Macva;1,55;3,9;5,75;1,95;1,85;-;Sportsko-Rekreativni Centar Mladost;2 300;Agendado
Áustria;2. Liga;11/09/2026;13:30;SK Rapid II;First Vienna;0;0;0;0;0;Pfister D.;Allianz Stadion;26 500;Agendado
Áustria;2. Liga;11/09/2026;13:30;Amstetten;Austria (Am);0;0;0;0;0;Demir C.;Estádio Ertl Glas;3 000;Agendado
Áustria;2. Liga;11/09/2026;13:30;Admira;Kapfenberg;0;0;0;0;0;Weinberger J.;Datenpol Arena;10 600;Agendado
Alemanha;2. Bundesliga;11/09/2026;13:30;Nurnberg;Hannover;2,7;3,5;2,45;1,48;2,6;-;Max-Morlock-Stadion;50 000;Agendado
Alemanha;2. Bundesliga;11/09/2026;13:30;Darmstadt;Bielefeld;2,7;3,5;2,4;1,6;2,3;-;Merck-Stadion am Bollenfalltor;17 810;Agendado
Polônia;Divisão 1;11/09/2026;13:00;Polonia W.;Polonia B.;1,8;3,5;3,75;1,6;2,3;-;Stadion Polonii;7 152;Agendado
Polônia;Ekstraklasa;11/09/2026;13:00;Rakow;Motor Lublin;1,7;3,75;4,2;1,57;2,35;-;Miejski Stadion Piłkarski Raków;5 500;Agendado
Arábia Saudita;Liga Profissional Saudita;11/09/2026;12:45;Al-Faysaly;Al-Ittihad;3,8;3,6;1,75;1,5;2,5;-;Al Majma'ah Sports City;7 000;Agendado
Arábia Saudita;Liga Profissional Saudita;11/09/2026;12:25;Al-Qadsiah;Al-Ettifaq;1,25;5,75;8;1,33;3,4;-;Estádio Prince Saud bin Jalawi;20 100;Agendado
Singapura;Premier League;11/09/2026;08:30;Tampines;Balestier Khalsa;0;0;0;0;0;-;Estádio Tampines;3 600;Agendado
México;Liga MX - Abertura;11/09/2026;00:05;U.N.A.M.;Leon;1,86;3,6;3,8;1,85;1,95;-;Estadio Olímpico Universitario;58 445;Agendado
Brasil;Brasileirão Série B;10/09/2026;21:30;Sport;Ponte Preta;1,15;7,5;10;1,44;2,7;R. Junior;Estádio Adelmar da Costa Carvalho;26 418;Agendado
Brasil;Brasileirão Série B;10/09/2026;19:30;Vila Nova;Goiás;1,96;3,2;4;2,5;1,5;Anderson Daronco;Estádio Onésio Brasileiro Alvarenga;11 788;Agendado
Brasil;Brasileirão Série B;10/09/2026;19:30;São Bernardo;Londrina;1,76;3,5;4,5;2,1;1,7;Willers Lorenzatto L.;Estádio Primeiro de Maio;15 759;Agendado
Portugal;Liga Portugal;10/09/2026;16:15;Estrela da Amadora;Braga;5;3,7;1,66;2,03;1,83;Vasilica I.;Estádio José Gomes;9 288;Agendado
Europa;Liga dos Campeões;10/09/2026;16:00;Slavia Praga;Lens;2,5;3,5;2,7;1,73;2,1;Fotias V.;Fortuna Arena;19 370;Agendado
Europa;Liga dos Campeões;10/09/2026;16:00;Manchester Utd;Sabah Baku;1,11;9;21;1,25;4;Delajod W.;Old Trafford;75 635;Agendado
Europa;Liga dos Campeões;10/09/2026;16:00;Como;RB Leipzig;1,83;4;3,9;1,57;2,38;Gozubuyuk S.;Stadio Giuseppe Sinigaglia;13 602;Agendado
Europa;Liga dos Campeões;10/09/2026;16:00;Bayern;Bodo/Glimt;1,11;9,5;21;1,14;5,5;Obrenovic R.;Allianz Arena;75 024;Agendado
Inglaterra;League One;10/09/2026;16:00;Stevenage;Luton;3;3,4;2,2;2;1,8;Toner B.;-;7 318;Agendado
Grécia;Superliga;10/09/2026;15:15;Panathinaikos;Kifisia;1,27;5;11;1,75;2,05;Matsoukas M.;Estádio Olímpico de Atenas;75 000;Agendado
Suécia;Superettan;10/09/2026;14:00;Varberg;Norrkoping;3;3,4;2,05;1,7;2,1;Beigi R.;Paskbergsvallen;4 500;Agendado
Suécia;Superettan;10/09/2026;14:00;Sundsvall;Örebro;3,6;3,4;1,85;1,83;1,98;Melin P.;NP3 Arena;8 500;Agendado
Suécia;Superettan;10/09/2026;14:00;Östersund;Brage;1,67;3,6;4,33;1,8;2;Hasani R.;Jamtkraft Arena;8 466;Agendado
Suécia;Superettan;10/09/2026;14:00;Falkenberg;Öster;1,8;3,6;3,5;1,57;2,35;Alknas F.;Falcon Alkoholfri Arena;5 500;Agendado
Sérvia;Superliga;10/09/2026;14:00;Radnik;Crvena zvezda;9;5,25;1,27;1,5;2,5;Stojanovic A.;EFBET Stadion;3 312;Agendado
Europa;Liga dos Campeões;10/09/2026;13:45;PSV;Shakhtar;1,44;4,75;6,5;1,44;2,75;-;Philips Stadion;35 000;Agendado
Europa;Liga dos Campeões;10/09/2026;13:45;Fenerbahce;AS Roma;3,3;3,5;2,15;1,73;2,1;Gil Manzano J.;-;47 430;Agendado
EUA;MLS;09/09/2026;23:30;Vancouver Whitecaps;Los Angeles Galaxy;1,37;5,5;6,5;1,36;3,1;-;BC Place;54 405;Agendado
EUA;MLS;09/09/2026;23:30;San Diego FC;San Jose Earthquakes;1,71;4;4,2;1,4;2,88;-;Snapdragon Stadium;35 000;Agendado
EUA;MLS;09/09/2026;23:30;Portland Timbers;St. Louis City;2,25;3,9;2,75;1,48;2,6;-;Jeld-Wen Field;25 218;Agendado
EUA;MLS;09/09/2026;23:30;Los Angeles FC;New York Red Bulls;1,37;5;7;1,36;3,1;-;BMO Stadium;24 000;Agendado
EUA;MLS;09/09/2026;21:30;Minnesota;FC Dallas;2,05;3,6;3,25;1,53;2,4;-;Allianz Field;19 400;Agendado
EUA;MLS;09/09/2026;21:30;Houston Dynamo;Real Salt Lake;1,76;3,9;4,2;1,67;2,15;-;Shell Energy Stadium;22 039;Agendado
EUA;MLS;09/09/2026;21:30;Chicago Fire;Inter Miami;2,05;4,1;3;1,29;3,6;-;Soldier Field;61 500;Agendado
EUA;MLS;09/09/2026;21:30;Austin FC;Colorado Rapids;2,5;3,5;2,65;1,83;1,98;-;Q2 Stadium;20 738;Agendado
Brasil;Brasileirão Série B;09/09/2026;21:30;Atlético-GO;Ceará;1,81;3,25;4,5;2,2;1,65;Bauermann G.;Estádio Antonio Accioly;12 500;Agendado
EUA;MLS;09/09/2026;21:00;New York City;New England Revolution;2,15;3,6;3,1;1,7;2,1;-;Yankee Stadium;54 251;Agendado
EUA;MLS;09/09/2026;20:45;Philadelphia Union;Cincinnati;1,66;4,2;4,5;1,36;3,1;-;Subaru Park;18 500;Agendado
EUA;MLS;09/09/2026;20:30;Toronto FC;Nashville SC;3;3,6;2,2;1,67;2,15;-;BMO Field;28 180;Agendado
EUA;MLS;09/09/2026;20:30;DC United;Columbus Crew;2,57;3,5;2,5;1,7;2,1;-;Audi Field;20 000;Agendado
EUA;MLS;09/09/2026;20:30;CF Montreal;Charlotte;2,25;3,8;2,75;1,53;2,4;-;Saputo Stadium;23 112;Agendado
EUA;MLS;09/09/2026;20:30;Atlanta Utd;Orlando City;2,1;3,9;3;1,44;2,7;-;Mercedes-Benz Stadium;71 000;Agendado
Brasil;Brasileirão Série B;09/09/2026;20:30;Operário;CRB;2,3;3,2;3;1,95;1,85;Marcos André Gomes;Estádio Germano Krüger;10 632;Agendado
Brasil;Brasileirão Série B;09/09/2026;20:30;América-MG;Náutico;2,57;3,2;2,7;1,95;1,85;Goncalves K.;Mineirão;61 927;Agendado
Brasil;Brasileirão Série B;09/09/2026;19:30;Fortaleza;Avaí;1,53;3,5;6,5;2,25;1,62;Ferreira Y.;Castelão;64 846;Agendado
Brasil;Brasileirão Série B;09/09/2026;19:30;Botafogo-SP;Novorizontino;3,2;3;2,32;2,35;1,57;Pfleger J.;Estádio Santa Cruz;29 292;Agendado
Portugal;Liga Portugal;09/09/2026;16:45;Moreirense;Benfica;13;8,5;1,13;1,44;2,7;Verissimo F.;Parque Joaquim de Almeida Freitas;6 153;Agendado
Islândia;Lengjudeildin;09/09/2026;16:15;Kopavogur;Fylkir;0;0;0;0;0;-;Kórinn;2 050;Agendado
Europa;Liga dos Campeões;09/09/2026;16:00;Sporting;Galatasaray;1,73;4;4,33;1,57;2,38;Eskas E.;Estádio José Alvalade;52 095;Agendado
Europa;Liga dos Campeões;09/09/2026;16:00;PSG;Slovan Bratislava;1,04;17;34;1,2;4,5;Balakin M.;Parc des Princes;48 229;Agendado
Europa;Liga dos Campeões;09/09/2026;16:00;Napoli;Arsenal;5,5;3,9;1,62;1,98;1,88;Nyberg G.;Stadio Diego Armando Maradona;54 726;Agendado
Europa;Liga dos Campeões;09/09/2026;16:00;Liverpool;Atl. Madrid;1,73;4;4,5;1,57;2,38;Massa D.;Anfield;61 276;Agendado
Inglaterra;Championship;09/09/2026;16:00;Charlton;QPR;3,2;3,25;2,2;1,95;1,9;Nield T.;The Valley;27 111;Agendado
Escócia;Premiership;09/09/2026;16:00;St. Johnstone;Celtic;6;4,75;1,42;1,5;2,63;MacDermid M.;McDiarmid Park;10 696;Agendado
Inglaterra;Championship;09/09/2026;15:45;Norwich;Birmingham;1,86;3,5;3,9;1,73;2,1;Reeves T.;Carrow Road;27 150;Agendado
Inglaterra;Championship;09/09/2026;15:45;Derby;West Bromwich;3;3,25;2,3;1,98;1,88;Bell J.;Pride Park;33 597;Agendado
Escócia;Premiership;09/09/2026;15:45;Rangers;St. Mirren;1,3;5,5;8;1,44;2,75;Robertson D.;Ibrox Stadium;51 587;Agendado
Arábia Saudita;Liga Profissional Saudita;09/09/2026;15:00;Al Nassr Riyadh;Abha;1,17;6,5;11;1,29;3,6;-;King Saud University Stadium;26 100;Agendado
Arábia Saudita;Liga Profissional Saudita;09/09/2026;15:00;Al-Fateh;Al Diriyah;3,6;3,7;1,83;1,62;2,25;-;Al Fateh club stadium;19 096;Agendado
Suécia;Superettan;09/09/2026;14:00;Sandviken;Oddevold;2,2;3,3;3;1,75;2,05;Bashir A.;Jernvallen;7 000;Agendado
Suécia;Superettan;09/09/2026;14:00;Nordic United;Värnamo;2,05;3,4;3,2;1,67;2,15;Svraka J.;Sodertalje Fotbollsarena;6 400;Agendado
Suécia;Superettan;09/09/2026;14:00;Ljungskile;Norrby;1,85;3,5;3,8;1,62;2,25;Oppong F.;Skarsjövallen;8 000;Agendado
Suécia;Superettan;09/09/2026;14:00;Landskrona;Helsingborg;1,73;3,6;4,1;1,65;2,2;Nehdi F.;Landskrona Idrottsplats;12 000;Agendado
República Tcheca;Chance Liga;09/09/2026;14:00;Hradec Kralove;Plzen;3,1;3,4;2,1;1,75;2,05;Cerny D.;-;9 300;Agendado
Islândia;Lengjudeildin;09/09/2026;14:00;Njardvik;Throttur;0;0;0;0;0;-;Rafholtsvöllurinn;2 880;Agendado
Egito;Premier League;09/09/2026;14:00;Enppi;ZED;0;0;0;0;0;-;Estádio Petrosport;16 000;Agendado
Egito;Premier League;09/09/2026;14:00;Arab Contractors;Al Ahly;0;0;0;0;0;-;Estádio Arab Contractors;35 000;Agendado
Europa;Liga dos Campeões;09/09/2026;13:45;Stuttgart;Viking;1,22;6,5;10;1,25;4;Minakovic N.;MHPArena;60 449;Agendado
Europa;Liga dos Campeões;09/09/2026;13:45;Barcelona;Feyenoord;1,08;11;23;1,14;5,5;Jablonski S.;Camp Nou;105 000;Agendado
Países Baixos;Eredivisie;09/09/2026;13:45;Twente;Telstar;1,3;5,75;9,5;1,3;3,5;Martens R.;De Grolsch Veste;30 000;Agendado
Estônia;Meistriliiga;09/09/2026;13:00;Tammeka;Paide;0;0;0;0;0;M. Pukk;Estádio Tamme;2 000;Agendado
Estônia;Meistriliiga;09/09/2026;13:00;Parnu JK Vaprus;Harju JK Laagri;0;0;0;0;0;Lorenz J.;Parnu Rannastaadion;1 501;Agendado
Estônia;Meistriliiga;09/09/2026;13:00;Levadia;Kuressaare;0;0;0;0;0;Reinumagi E.;A. Le Coq Arena;14 336;Agendado
Arábia Saudita;Liga Profissional Saudita;09/09/2026;12:55;Al-Kholood;Al-Shabab;2,63;3,4;2,4;1,73;2,08;-;Estádio Al-Hazem Club Stadium;8 000;Agendado
República Tcheca;Chance Liga;09/09/2026;12:00;Jablonec;Ostrava;1,85;3,5;3,75;1,83;1,98;Mach A.;Stadion Střelnice;6 108;Agendado
Egito;Premier League;09/09/2026;11:00;Pyramids;El Gounah;0;0;0;0;0;-;Estádio 30 de Junho;30 000;Agendado
Egito;Premier League;09/09/2026;11:00;Modern Sport;Wadi Degla;0;0;0;0;0;-;Al-Sekka Al-Hadid Stadium;25 000;Agendado
